1,端,平,东菄鸫倲涷蝀冻鯟崠埬
2,定,平,同童铜桐峒硐筒瞳罿犝筩潼曈洞侗橦烔挏酮鲖 眮蕫穜同哃絧 
3,知,平,中衷忠
4,澄,平,虫冲种盅爞翀
5,章,平,终众潨螽鼨蔠柊鴤泈
6,彻,平,忡浺盅
7,崇,平,崇崈
8,心,平,嵩嵩娀菘硹
9,日,平,戎茙駥狨绒
10,见,平,弓躳躬宫匑
11,以,平,融肜瀜
12,云,平,雄熊
13,明,平,瞢梦懜
14,溪,平,穹焪芎匑
15,群,平,穷藭
16,并,平,冯堸泛芃沨梵
17,帮,平,风飌枫猦偑檒
18,滂,平,丰酆蘴沣寷麷
19,昌,平,充珫茺
20,来,平,隆癃窿霳
21,溪,平,空箜崆椌硿悾埪倥涳鵼
22,见,平,公功工疘蚣玒釭魟攻愩碽篢
23,明,平,蒙冡蒙艨朦蒙饛檬鸏幪罞髳蠓雺霿霚朦懜霥
24,来,平,笼豅胧龓泷聋砻咙茏栊巃襱珑昽鸗蠪屸
25,匣,平,洪鉷讧红虹仜鸿荭葓谼烘洚渱魟
26,从,平,丛藂潨
27,影,平,翁螉蓊
28,清,平,匆忩葱楤聦聪繱璁騘蟌囱鍯熜
29,透,平,通蓪侗恫痌曈俑
30,精,平,葼鬷嵕猣豵鯼椶騣嵸艐蝬堫翪緵稯鬉
31,并,平,蓬篷髼蜂芃韸
32,晓,平,烘叿魟谾
33,疑,平,
34,心,平,檧憽
35,端,平,冬苳笗
36,定,平,彤疼佟炵冬爞痋鉵浵庝鉖赨
37,从,平,賨琮悰潨淙慒鬃孮誴
38,泥,平,农农哝憹侬脓
39,见,平,攻釭
40,匣,平,洚
41,来,平,  
42,精,平,宗倧
43,心,平,松
44,透,平,炵
45,章,平,钟钟蚣忪蹱彸衳伀橦籦妐炂鈆
46,来,平,龙躘鸗驡笼茏
47,书,平,舂摏蹖憃
48,邪,平,松梥 凇 讼
49,昌,平,冲罿憧艟潼褈
50,以,平,容溶滽庸墉镕镛銿鄘佣鷛鱅蓉傛褣搈瑢嵱颂槦
51,帮,平,封犎葑崶
52,晓,平,胷胸凶銎汹汹恟凶訩匈
53,疑,平,颙鰅喁
54,影,平,邕雍嗈嗈郺澭灉痈瓮廱饔壅雍
55,娘,平,醲浓襛秾
56,澄,平,重穜緟褈蝩
57,从,平,从从
58,彻,平,蹱佣
59,并,平,逢缝漨夆捀
60,滂,平,峰峰锋丰妦蠭蜂蘴桻烽莑仹
61,精,平,纵踪枞磫豵熧
62,日,平,茸  髶襛秾搑榵穁
63,群,平,蛩邛舼筇輁蛬桏
64,常,平,鱅慵
65,见,平,恭龚供珙共廾髸
66,心,平,蜙淞凇松倯
67,清,平,枞鏦从暰瑽摐松
68,溪,平,銎
69,见,平,江扛杠茳釭矼豇肛玒
70,明,平,庞駹狵尨浝哤牻娏蛖痝
71,娘,平,涳哝鬞
72,初,平,囱窗窻牎窓堫摐鏦
73,帮,平,邦梆垹
74,匣,平,栙降缸瓨 洚夅跭
75,滂,平,胮
76,来,平,泷
77,生,平,双艭泷
78,并,平,庞逄胮舽
79,晓,平,肛啌谾舡
80,影,平,胦
81,溪,平,腔羫控椌悾跫涳崆
82,澄,平,幢撞橦噇
83,彻,平,憃
84,知,平,桩湷
85,疑,平,
86,崇,平,淙鬃
87,章,平,支只汥卮栀枝只 祇衼肢胑禔馶氏疻鳷觯榰眵
88,以,平,移移杝鉹箷椸 詑簃熪扅衪暆迤栘歋酏匜拸謻蛇虵螔
89,云,平,为为沩鄬
90,见,平,嬀沩
91,晓,平,麾噅撝
92,影,平,逶萎覣蜲痿倭委蟡
93,明,平,糜縻爢蘼醿
94,晓,平,隓堕隳眭觿睢鑴蘳
95,澄,平,鬌锤甀
96,词,平,垂陲圌
97,来,平,羸
98,昌,平,吹炊龡
99,滂,平,铍帔鲏披耚狓翍旇秛
100,帮,平,陂詖碑罴錃
101,邪,平,随隋
102,溪,平,亏
103,溪,平,窥窥
104,群,平,竒奇琦骑鵸弜鬾碕锜
105,群,平,只示只岐歧疧蚑忯軝芪汥跂蚔伎
106,晓,平,牺羲焁桸巇羛戏曦  隵
107,溪,平,觭踦崎碕攲
108,疑,平,宜宐仪轙涯崖
109,并,平,皮疲郫罢
110,常,平,提匙堤禔忯
111,日,平,儿唲婼
112,来,平,离篱醨罹璃郦骊樆鹂鵹缡缡蓠丽离蠡孋漓漓攡黐矖穲謧劙
113,从,平,疵骴玼茈胔飺鴜
114,精,平,赀頿頾髭鴜鮆訾鄑媊鈭姕觜
115,见,平,羁畸羇掎攲奇妓躸
116,帮,平,卑鹎椑裨鞞 庳 錍
117,并,平,陴焷脾埤裨蜱螷蠯郫纰
118,书,平,絁施葹鍦铊
119,心,平,斯虒榹厮厮凘磃傂謕鼶蟴螔菥蜤燍禠鐁
120,初,平,差嵯縒
121,彻,平,摛螭誺魑黐离彲
122,明,平,弥弥鸍镾瓕猕擟麊冞弥
123,清,平,雌姕鈭
124,知,平,知鼅蜘
125,影,平,漪猗椅旖祎陭欹犄檹
126,澄,平,驰趍池簃篪踟褫誃
127,心,平,眭
128,疑,平,危洈峗
129,晓,平,詑焁
130,生,平,酾簁欐襹褷籭
131,生,平,
132,日,平,痿
133,精,平,厜觜惢嫢
134,见,平,槻规鬹鳺摫
135,精,平,剂臇 
136,初,平,衰夊
137,知,平,腄箠
138,精,平,
139,昌,平,眵
140,庄,平,龇
141,滂,平,
142,以,平,欈
143,崇,平,齹
144,章,平,脂祗泜 砥栺鴲疻 
145,以,平,姨彞彝寅夷峓恞珆蔩痍荑桋蛦胰鮧羠羡羡鏔鴺跠洟
146,生,平,师鰤蒒筛狮蛳
147,并,平,毗比琵芘沘貔豼膍肶蚍枇仳魮鈚阰鵧
148,精,平,咨资粢咨姿齍澬赍
149,见,平,饥机肌虮
150,昌,平,鸱鵄胵
151,彻,平,絺郗脪瓻訵
152,清,平,郪趑趀  蠀
153,从,平,茨薋荠糍垐瓷澬
154,娘,平,尼柅怩蚭跜呢
155,澄,平,墀坻泜迟遟蚳岻荎菭謘莉貾
156,心,平,私鋖厶
157,书,平,尸鸤尸蓍
158,群,平,鬐耆愭祁鳍鮨
159,影,平,伊咿蛜黝黟
160,来,平,棃梨蜊藜犁犁刕鯬鑗蟍
161,群,平,葵鄈楑
162,知,平,追
163,见,平,龟螝騩
164,日,平,蕤甤緌 桵
165,生,平,衰榱
166,以,平,惟维遗潍壝蓶琟唯
167,来,平,累缧虆欙樏嫘瓃鸓儽傫纝缧
168,心,平,绥虽荾荽芕葰浽奞夊睢濉
169,群,平,逵夔馗戣鍨騤躨艽頯頄
170,明,平,眉睂嵋湄鹛楣瑂矀覹霉麋蘪郿薇葿
171,帮,平,悲
172,章,平,锥隹骓萑鵻
173,常,平,谁脽
174,云,平,帷
175,并,平,邳鉟岯魾
176,滂,平,丕伾秠駓豾髬魾鉟
177,晓,平,倠婎睢眭 
178,澄,平,锤椎槌顀
179,昌,平,推蓷
180,知,平,胝疷秪氐
181,滂,平,纰悂
182,精,平,嶉檇
183,溪,平,岿蘬
184,疑,平,狋
185,晓,平,咦忾屎
186,章,平,之臸芝ㄓ
187,以,平,饴 怡弬媐异鏔圯贻巸颐诒沶宧姬台眙瓵
188,常,平,时旹埘鼭榯莳鲥
189,疑,平,疑嶷觺
190,心,平,思恖司罳伺丝缌禗覗蕬偲楒
191,初,平,輺辎飔
192,群,平,其期旗綦綨帺萁蜝蜞琪麒骐淇錤藄棊棋櫀碁璂鲯蕲祺禥踑
193,书,平,诗邿齝呞
194,日,平,而栭檽隭 陾 陑髵峏轜輀臑胹洏鲕耏咡誀鸸
195,溪,平,欺娸魌僛  抾
196,见,平,姬期稘基箕萁諅其錤居諆
197,邪,平,词祠柌辞辤辝
198,来,平,厘狸狸牦嫠剺梩牦倈艃孷筣斄
199,庄,平,葘菑甾 湽淄  茬茌輺辎鍿锱鶅缁椔鲻
200,晓,平,僖歖熙嬉禧媐嘻瞦熹嘻娭诶
201,影,平,医医譩噫
202,彻,平,痴齝笞痴
203,澄,平,治持莉
204,昌,平,蚩嗤妛媸
205,从,平,慈礠磁鹚濨兹
206,精,平,兹孳嵫孜滋嗞镃孖鼒鰦仔鹚稵
207,崇,平,茬茌
208,俟,平,漦
209,溪,平,抾
210,书,平,
211,明,平,微溦薇癓
212,晓,平,挥辉辉晖徽翚袆楎幑瀈
213,云,平,帏韦闱围违湋囗鍏涠婔  
214,滂,平,霏妃菲婓騑裶
215,帮,平,猆飞扉绯非馡騛騑诽餥
216,并,平,肥腓淝痱蜰蟦贲裴
217,影,平,威葳隇蝛鰄媁楲
218,群,平,祈颀旗畿崎碕圻刏俟几蚚玂虮岓
219,见,平,机讥蕲叽矶鞿饥禨几鐖僟玑刏
220,晓,平,希晞莃鵗睎稀豨桸悕俙欷
221,影,平,依郼衣譩
222,疑,平,沂凒
223,疑,平,巍犩
224,见,平,归騩
225,溪,平,蘬
226,疑,平,鱼渔䱷龉铻衙
227,初,平,初
228,书,平,书鵨瑹舒纾
229,见,平,居据裾琚鶋车蜛崌椐涺腒
230,群,平,渠璩磲蕖籧淭醵腒螶蟝豦蘧鐻璖懅
231,以,平,余蜍藇余舆旟鵌玙艅畲欤与誉嬩舁举妤伃予狳鸒雓
232,心,平,胥稰楈藇谞湑蝑揟
233,清,平,疽岨砠趄苴沮狙蛆雎蒩伹坥
234,崇,平,鉏锄锄豠
235,彻,平,摅筡摴
236,生,平,疏梳綀蔬踈疎酾 疋
237,晓,平,虚驉歔嘘嘘魖
238,邪,平,徐俆
239,影,平,于扵箊淤唹
240,知,平,猪猪潴潴橥橥藸蕏
241,来,平,胪闾庐芦榈驴藘爈櫖
242,章,平,诸槠薯蠩
243,澄,平,除躇储涂篨宁着滁蒢屠藸蕏
244,日,平,如蕠洳鴽  茹
245,精,平,且蛆苴沮
246,溪,平,虚墟袪阹椐胠魼
247,庄,平,菹 沮
248,常,平,蜍
249,娘,平,袽帤蒘拿
250,疑,平,虞愚娱湡堣嵎髃禺隅鰅鍝澞齵鸆
251,初,平,刍犓
252,明,平,无毋瞴膴芜诬巫莁璑鷡蝥无譕墲鵐怃
253,云,平,于迂盂邘雩竽玗芋污杅釪骬謣
254,晓,平,訏吁雩欨盱姁扜荂旴虖
255,群,平,衢劬軥氍朐 臞癯鸲鸜灈躣忂鼩蘧斪句蠷瞿欋葋翵翑蚼 胊 絇  戵鑺姁
256,日,平,儒獳濡襦懦嚅鱬嬬繻顬臑醹
257,心,平,须须嬃繻需娶緰蕦鑐隃
258,知,平,株诛邾鼄蛛跦袾列鴸
259,彻,平,貙
260,常,平,殊铢洙茱殳陎 杸
261,以,平,逾逾窬臾楰腴谀隃鄃觎俞歈愉揄褕瑜崳羭蝓榆茰萸堬牏渝媮愈螸蕍萮蘛舀騟
262,溪,平,区鰸驱驱岖躯抠
263,章,平,朱珠侏絑秼咮鴸鮢朱
264,清,平,趋趍鲰
265,来,平,慺蒌氀瞜嵝搂鷜镂娄瘘膢
266,并,平,扶 芙符颫凫榑苻蚨夫枹瓿枎坿泭  玸
267,崇,平,雏鶵媰
268,庄,平,搊
269,滂,平,敷麸麱孚郛鄜铺筟俘痡殍怤孵豧尃罦稃莩泭郙桴姇荂紨秿
270,精,平,诹娵陬嗺掫
271,帮,平,跗趺肤肤邞鈇衭玞簠夫鳺柎扶妋
272,影,平,纡陓扜蓲迂虶
273,书,平,输鄃隃
274,昌,平,枢姝袾
275,澄,平,厨厨蹰蹰趎幮裯
276,见,平,拘驹眗岣捄跔鮈俱痀
277,生,平,毹橾螋
278,明,平,模橅摸嫫谟墲无膜
279,并,平,酺匍蜅荹朴菩蒲蒱
280,匣,平,胡壶狐瓳糊瑚湖鹕猢醐糊弧乎瓠葫魱箶虖
281,见,平,孤苽菰胍姑辜呱泒酤觚蛄箛鸪橭沽柧盬嫴罛軱箍
282,定,平,徒屠瘏涂途酴駼鵌涂梌 荼图啚廜菟捈嵞峹镀鷵筡
283,泥,平,奴砮驽帑孥笯
284,晓,平,呼嘑虖歑戏謼膴幠葫恗軤虍苸雐滹
285,疑,平,吾鼯吴吴浯珸蜈郚龉鯃娪鋘梧峿麌祦
286,精,平,租蒩
287,来,平,卢炉垆籚芦颅髗鲈攎栌轳黸獹鸬舻纑泸瓐炉玈嚧矑罏蠦
288,心,平,苏稣酥
289,从,平,徂殂
290,影,平,乌呜洿污污杇圬釫鰞歍钨弙于瑦邬螐恶扝鴮
291,帮,平,逋餔晡庯陠鵏峬誧秿鯆抪
292,溪,平,枯刳扝郀轱跍挎弙橭鮬
293,清,平,粗麁粗
294,透,平,稌悇嶀庩梌捈
295,端,平,都闍醏
296,滂,平,铺鯆痡誧陠墲
297,从,平,齐脐麡蛴懠癠
298,来,平,黎犁犁莉黧藜鯬盠邌廲藜筣骊瓈謧
299,清,平,妻萋凄凄凄鶈郪緀齌霋
300,端,平,低氐袛磾鞮腣羝眡堤堤岻奃趆鍉柢揥
301,定,平,嗁啼蹏蹄提诋瑅堤桋题媞绨罤漽缔蕛稊 醍褆鹈荑禔崹缇鷤鼶騠折銕徲謕厗鶗鶙蝭鴺锑鮷趧鮧鯷睼
302,帮,平,豍螕蓖篦梐狴箄鎞悂
303,见,平,鸡鸡稽枅笄卟乩  鑙
304,匣,平,奚豯徯蹊螇榽騱胿郋傒嵆嵇兮鼷蒵貕
305,影,平,鹥翳嫛黳黟繄
306,疑,平,倪霓霓郳齯婗輗棿猊麑貎鲵儿觬
307,晓,平,醯 橀忚
308,心,平,西卤卥 栖栖犀嘶撕屖粞
309,透,平,梯睇鷈謕
310,并,平,鼙鞞椑膍崥笓
311,滂,平,磇錍批鈚
312,精,平,赍賷 齑虀櫅挤齌跻隮麡啙
313,明,平,迷麛 
314,泥,平,泥埿屔臡
315,溪,平,溪嵠溪磎鸂檕螇
316,见,平,圭珪邽闺袿窐鲑洼 胿茥
317,溪,平,睽奎湀刲茥聧鲑蝰楏藈
318,匣,平,携携蠵鑴窐畦驨雟酅纗讗黊眭觿
319,日,平,臡
320,常,平,栘
321,影,平,烓
322,晓,平,睳
323,见,平,佳街
324,匣,平,慀鲑膎鞵鞋榽
325,并,平,牌箄簰郫蠯棑犤
326,见,平,娲緺諣脶蜗騧歄
327,影,平,蛙鼃
328,溪,平,咼喎絓
329,崇,平,柴祡茈查查
330,初,平,钗靫叉芆差
331,晓,平,竵喎
332,娘,平,掜誽
333,疑,平,崖涯啀猚崖
334,影,平,娃洼哇 唲
335,生,平,崽籭諰
336,晓,平,
337,彻,平,叉
338,明,平,
339,匣,平,鼃
340,见,平,皆偕秸喈阶薢荄痎堦楷鶛湝街蝔锴
341,影,平,
342,匣,平,谐骸瑎湝龤谐蝔鞋
343,并,平,排俳輫牌狎
344,见,平,乖
345,匣,平,怀褱櫰槐淮褢瀤
346,溪,平,汇擓
347,崇,平,豺侪麡
348,初,平,差
349,晓,平,虺
350,澄,平,尵
351,明,平,埋薶霾
352,庄,平,斋
353,影,平,崴碨溾
354,知,平,榸
355,来,平,唻
356,溪,平,揩
357,娘,平,摨
358,生,平,崽簁
359,疑,平,娾
360,彻,平,搋
361,晓,平,
362,来,平,
363,崇,平,膗
364,晓,平,灰鼿豗虺
365,溪,平,恢诙悝魁 顝盔
366,影,平,隈煨渨椳偎揋葨鰃
367,匣,平,回洄回槐徊瑰蛔蛕佪烠茴
368,明,平,枚梅媒玫煤脢脄腜禖莓塺鋂
369,见,平,傀瑰瓌鞼櫰膭藱
370,来,平,雷儡瓃櫑罍鑘镭 畾轠
371,定,平,穨颓隤墤魋尵蘈蹪
372,清,平,崔催缞衰
373,端,平,磓塠頧堆鴭 锤捶嵟敦
374,心,平,挪毸嗺蓑
375,从,平,摧崔慛槯檇
376,并,平,裴徘培陪婄棓毰輫
377,帮,平,杯杯杯
378,滂,平,肧胚坯醅衃抔
379,疑,平,鮠桅嵬硙峞
380,透,平,蓷推藬
381,泥,平,捼
382,精,平,嗺脧
383,晓,平,咍 
384,溪,平,开咳 侅奒
385,影,平,哀埃唉欸毐
386,定,平,台抬菭 ??苔炱嬯薹儓台骀籉跆
387,见,平,该豥垓荄郂剀陔姟絯晐峐祴侅赅胲
388,从,平,裁才财才材 渽 鼒
389,来,平,来莱郲騋崃斄琜猍涞鯠鶆庲棶牦逨麳徕
390,精,平,烖灾灾栽哉葘 渽睵
391,清,平,猜偲睵
392,并,平,
393,透,平,胎孡鲐台邰
394,匣,平,孩咳颏豥
395,心,平,鳃揌粞顋腮愢毢
396,疑,平,皑嵦敳隑剀呆
397,泥,平,能
398,端,平,懛
399,昌,平,
400,滂,平,
401,章,平,眞真甄振禛稹磌畛籈侲桭蒖唇帪薽
402,彻,平,胂缜
403,影,平,因茵鞇禋闉骃湮烟氤絪垔陻堙洇姻婣諲茵歅
404,心,平,新辛薪
405,常,平,辰晨  敐宸鷐麎桭茞屒臣
406,日,平,仁朲人
407,船,平,神晨
408,清,平,亲寴
409,云,平,礥
410,书,平,申伸绅娠呻眒胂身柛訷
411,帮,平,賔宾濵滨槟顮傧镔矉
412,来,平,粦燐邻辚嶙粼磷疄麟麐鳞璘駗翷瞵獜驎壣鏻繗潾
413,群,平,堇墐魿
414,知,平,珍鎭塡
415,澄,平,陈趁尘
416,精,平,津琎濜
417,昌,平,瞋嗔謓缜
418,从,平,秦螓
419,以,平,寅夤蔩螾
420,娘,平,纫
421,滂,平,缤
422,并,平,频苹薲嫔玭蠙獱颦嚬
423,疑,平,银狺檭鄞圁誾訔嚚珢垠泿
424,见,平,巾
425,见,平,麏麇麕頵莙汮
426,云,平,筠囩縜荺
427,溪,平,囷箘箟輑蜠峮壸
428,明,平,珉岷罠闽缗笢旻旼痻闅汶抿忞盿鍲鴖鈱
429,并,平,贫
430,影,平,鼘骃
431,影,平,赟奫頵蝹
432,帮,平,彬斌份玢豳邠汃霦攽虨砏
433,明,平,民闅泯怋
434,章,平,谆惇肫訰
435,彻,平,椿楯輴鶞杶櫄瑃
436,澄,平,
437,心,平,荀郇询眴峋珣栒洵恂畇檈槆姰
438,常,平,纯莼蒓醇鹑享陙錞淳焞
439,日,平,犉瞤眴
440,船,平,唇漘紃
441,来,平,沦伦论轮陯鯩蜦棆纶惀仑踚抡
442,知,平,屯窀迍
443,清,平,逡竣皴墫捘竴踆夋
444,精,平,遵跧僎嶟鷷
445,昌,平,春
446,从,平,鷷
447,以,平,匀匀畇
448,邪,平,旬巡驯循揗紃洵楯灥畇
449,见,平,均钧袀汮
450,群,平,
451,滂,平,砏虨
452,庄,平,臻蓁搸溱潧榛樼瀙澵轃
453,生,平,莘扟駪籸甡兟诜侁屾燊阠姺
454,崇,平,帘
455,明,平,文闻彣纹雯馼蟁蚊螡鳼闅汶闽
456,云,平,云芸芸耘郧妘纭涢沄云筼貟员愪沄耺橒
457,影,平,煴氲緼馧蒀蕴蝹
458,并,平,汾坟氛鼖濆焚燌羒豮颁羵枌鳻蕡萉 橨棼贲葐魵妢棻梤肦鐼馩馚鼢蚡轒
459,帮,平,分饙餴扮
460,群,平,群群帬裠裙宭
461,晓,平,薰曛勲勋勋熏熏獯纁醺荤焄臐
462,见,平,君军皲桾莙宭鮶
463,滂,平,芬纷帉衯棻砏氛氛 錀
464,晓,平,欣忻昕欣炘邤
465,影,平,殷殷濦溵
466,群,平,勤芹勤慬懄瘽矜蕲
467,见,平,斤筋釿
468,疑,平,圻垠齗龈斦狺鄞
469,疑,平,元原邍源厵杬嫄沅騵鼋羱蚖芫邧榞謜獂阮蒝
470,云,平,袁爰垣园援榬辕鶢媛洹溒蝯猨猿
471,并,平,烦番蹯繁蘩薠樊翻燔膰瀿羳鷭蟠蕃蠜矾鐇璠笲襎袢棥緐墦幡藩
472,滂,平,飜翻幡番幡轓翻反
473,晓,平,暄暖喛萱谖埙壎吅貆喧喧愋讙翧蝖
474,影,平,鸳冤鹓惌宛蜿蒬怨葾裷眢
475,疑,平,言琂甗
476,溪,平,攑
477,晓,平,轩掀骞 蓒
478,见,平,靬鞬犍腱騝
479,影,平,蔫焉
480,帮,平,蕃藩轓鱕籓鐇
481,群,平,赶
482,明,平,樠
483,匣,平,魂馄餫鼲楎浑沄忶 俒堚辉顐珲
484,见,平,昆晜菎褌昆琨鵾鹍鲲蜫惃锟瑻猑騉
485,影,平,昷温輼蕰殟鸳豱缊韫
486,明,平,门扪樠虋璊亹怋
487,心,平,孙荪飧蕵狲搎
488,精,平,尊罇樽嶟繜
489,从,平,存蹲拵袸
490,端,平,敦惇弴驐墩
491,透,平,暾炖涒噋黗
492,定,平,屯豚豘窀臀軘饨坉沌村炖忳啍芚庉
493,清,平,村
494,疑,平,瘒顐梱
495,并,平,盆葐湓
496,帮,平,奔贲奔
497,来,平,论崘抡菕
498,溪,平,坤巛髡臗髋豤
499,晓,平,昏昬惛婚棔阍殙
500,滂,平,濆喷歕
501,泥,平,黁
502,匣,平,痕鞎拫
503,见,平,根跟珢
504,影,平,恩煾
505,透,平,吞
506,疑,平,垠圻泿
507,匣,平,寒韩翰鶾邯邗虷汗
508,疑,平,豻犴雃
509,端,平,单襌郸丹殚箪匰瘅
510,影,平,安鞌侒
511,泥,平,难
512,清,平,餐湌飡
513,透,平,滩啴叹摊譠痑擹嬗
514,心,平,跚珊姗姗
515,定,平,坛檀鷤瘅掸弹驒驙但胆繟儃聅唌貚
516,从,平,残戋帴
517,见,平,干干漧竿肝奸鳱玕邗汗迀忓
518,来,平,兰澜阑谰拦籣韊栏躝幱囒
519,溪,平,看栞靬臤刊
520,晓,平,顸鼾
521,泥,平,濡
522,匣,平,桓完丸瓛纨雚萑洹汍絙芄豲梡荁莞綄羦苋貆狟峘垸寏院捖
523,疑,平,岏刓园忨蚖羱鼋抏
524,端,平,端褍剬耑鍴竱偳
525,影,平,剜眢豌蜿帵婠
526,透,平,湍貒煓偳
527,心,平,酸狻酸
528,定,平,团慱篿剸鄟敦漙鷒鷻抟
529,从,平,櫕欑鑚钻巑菆禶鄼酂纂劗
530,见,平,官悹莞棺观贯冠涫倌毋
531,来,平,銮鸾峦栾羉虊脔滦灓圝圞
532,晓,平,欢欢欢貆貛 鴅 酄獾犿讙
533,溪,平,宽髋
534,精,平,鑚钻劗
535,并,平,槃盘鎜柈瘢磻幋磐般蹒搫鞶繁媻縏蟠
536,明,平,瞒颟谩蹒馒慲镘槾墁鞔樠鳗曼蔓芇悗鬗絻
537,滂,平,潘番拌
538,帮,平,般搬
539,生,平,删讪潸狦
540,见,平,关关癏擐
541,影,平,弯湾潫
542,生,平,闩
543,匣,平,还环鬟寰阛糫锾圜镮轘郇澴
544,帮,平,班颁鳻朌螌斑辬般斒鳊扳
545,明,平,蛮獌鬘谩
546,疑,平,颜楌
547,见,平,奸菅葌
548,滂,平,攀扳眅
549,娘,平,奻
550,疑,平,顽
551,溪,平,馯
552,溪,平,豻鬜
553,庄,平,跧
554,生,平,山疝邖
555,见,平,鳏纶
556,见,平,闲艰囏靬蕑覸
557,匣,平,闲娴娴痫蛝瞯鹇藖憪
558,溪,平,悭顅掔鬜羟臤
559,崇,平,虥潺孱僝
560,晓,平,羴
561,疑,平,詽訮虤
562,影,平,黰殷黫
563,帮,平,斒虨
564,来,平,斓 潾
565,娘,平,嘫
566,昌,平,
567,云,平,嬽
568,定,平,窀
569,来,平,
570,群,平,
571,知,平,譠
572,澄,平,
573,匣,平,湲
574,从,平,虥
575,心,平,先跹蹮
576,从,平,前歬騚湔
577,清,平,千圱阡汘仟芊谸迁杄
578,精,平,笺笺椾瀳帴鞯浅湔轃溅籛 
579,透,平,天吞詽訮
580,见,平,坚鉴幵肩鳽豜猏菺麉鵳鲣
581,匣,平,贤臤弦弦舷胘蚿伭婱礥痃
582,影,平,烟烟燕咽橪驠湮胭阏
583,来,平,莲怜怜嗹縺零
584,定,平,田佃畋盷塡置阗钿沺磌鷆嗔滇貚搷
585,泥,平,秊年
586,端,平,顚颠齻槇槙瘨癫滇巅驒傎蹎厧
587,溪,平,牵纤郉汧蚈麉掔岍雃
588,疑,平,姸妍鳽硏研揅趼俓
589,明,平,眠瞑矏
590,并,平,蹁蠙骿軿骈胼跰楄賆玭琕
591,影,平,渊囦弲剈鼘蜎
592,见,平,涓睊蠲鹃焆鞙
593,晓,平,鋗駽梋矎
594,帮,平,边笾甂蝙猵编萹牑蹁
595,匣,平,玄县悬眩玹兹盷胘訇
596,晓,平,祆詽訮
597,崇,平,
598,心,平,仙仙苮跹籼鲜硟鱻廯
599,从,平,钱
600,清,平,迁櫏千
601,精,平,煎湔葏鬋
602,日,平,然燃肰繎
603,以,平,延埏筵狿郔綖蜒鋋  莚
604,章,平,饘旃旜栴毡鹯
605,见,平,甄薽籈
606,知,平,邅驙鳣
607,崇,平,潺孱
608,书,平,膻膻埏挻扇煽鯅脠
609,彻,平,脠梴链
610,常,平,鋋单蝉掸儃僤禅澶婵
611,澄,平,缠緾躔瀍鄽廛壥
612,晓,平,嘕屳嫣
613,来,平,连聮联涟翴鲢令链慩梿
614,滂,平,篇偏翩媥扁萹
615,并,平,便缏楩平谝箯楄
616,明,平,绵绵棉谩矊蝒矏芇宀櫋臱
617,从,平,全同泉牷葲
618,心,平,宣揎愃瑄
619,精,平,镌鋑脧剶
620,晓,平,翾儇弲蠉嬛譞頨
621,日,平,堧瑌撋繎
622,昌,平,穿川灥
623,以,平,沿铅鈆橼捐鸢蝝縁缘
624,邪,平,旋檈璿漩琁璇蜁还嫙旋
625,影,平,姢娟嬛悁蜎潫 嬽
626,船,平,船舩
627,帮,平,鞭鯾鳊编箯揙
628,邪,平,涎
629,清,平,诠铨硂痊佺悛駩筌絟撰謜縓恮荃峑铣拴
630,章,平,专甎颛篿嫥諯湍膞鱄鷒鄟
631,常,平,遄篅圌諯輲辁椯歂
632,云,平,貟员圜圎圆湲
633,庄,平,恮跧蟤
634,生,平,栓
635,彻,平,猭剶
636,群,平,干虔犍鰬騝榩键揵
637,溪,平,愆諐褰骞攐
638,群,平,权拳狋觠颧蜷婘孉犈蠸齤卷鬈蜷卷
639,澄,平,椽传
640,来,平,挛
641,溪,平,弮棬鬈
642,影,平,焉阏蔫嫣鄢傿
643,云,平,漹焉
644,影,平,嬽潫
645,昌,平,燀
646,知,平,
647,见,平,勬
648,心,平,萧箫彇蟰橚潚踃箾艘瞍翛撨
649,透,平,祧佻挑脁恌庣铫趒聎蓧
650,端,平,貂刁琱凋鲷雕雕蛁雕芀鳭奝弴瞗
651,定,平,迢条樤髫跳鋚蜩佻趒苕芀调鮡岧鞗嬥鲦
652,见,平,骁枭浇憿钊邀蟂徼
653,来,平,聊膋膫飉辽憀竂寥料橑撩摷廖僚寮镣簝豂鹩璙嫽漻蟟了镽嶚翏缭憭獠髎蟧敹嘹熮
654,疑,平,尧峣侥垚顤
655,晓,平,膮哓憢
656,影,平,幺怮葽
657,溪,平,鄡郻敲墽
658,心,平,宵消霄捎逍痟绡销焇硝蛸莦哨鮹揱奞魈
659,彻,平,超怊欩
660,知,平,朝
661,澄,平,晁鼂朝潮
662,晓,平,嚻嚣枵歊毊獢藃呺虈
663,从,平,樵藮劁憔顦谯嶕鐎僬撨菬
664,见,平,骄娇憍穚鷮荞乔簥挢
665,精,平,焦蕉膲鹪鳭椒茮噍鐎蟭僬燋
666,日,平,饶桡襓犪蛲荛
667,书,平,烧
668,以,平,遥媱傜繇飖窑窑珧鳐铫姚摇謡轺愮恌陶蘨鹞洮烑 榣嗂瑶猺餆褕
669,常,平,韶佋玿 轺柖
670,章,平,昭鵃鉊招钊盄皽
671,帮,平,飊标猋杓瘭幖熛蔈骉贆髟
672,帮,平,镳臕儦瀌藨
673,并,平,瓢飘剽薸螵
674,明,平,蜱篻
675,明,平,苗描緢猫猫
676,影,平,要腰葽喓邀蛲
677,云,平,鸮
678,群,平,乔桥趫侨鐈鷮峤毊轿娇荞蟜蹻
679,清,平,鍫鐰篍幧
680,影,平,妖祆枖訞夭
681,溪,平,蹻繑趬跷
682,昌,平,怊弨
683,滂,平,爂漂杓嫖旚犥镖僄飘慓彯摽翲瞟螵嘌
684,群,平,翘荍嘺
685,来,平,燎髎
686,溪,平,趫 橇鞽
687,匣,平,肴肴崤淆洨绞筊姣猇爻淆胶倄
688,见,平,交蛟茭鵁胶鲛咬郊轇敎教摎铰佼艽 詨嘐
689,崇,平,巢轈剿樔鄛
690,娘,平,铙呶譊怓硇
691,生,平,梢捎髾輎旓弰筲鞘蛸鮹绡颵莦娋
692,明,平,茅蝥猫牦罞鶜描媌
693,晓,平,虓猇髇歊穘窙嗃哮庨灱涍嘐顤
694,帮,平,包胞枹苞勹
695,滂,平,胞脬抛抛泡
696,溪,平,敲跤骹 硗礉鄗硗頝
697,疑,平,聱謷磝
698,庄,平,罺抓摷
699,知,平,嘲啁鳭鵃
700,初,平,抄钞訬
701,并,平,庖咆匏炮炰刨瓟麃掊飑鞄狍跑捊尥泡
702,影,平,坳窅軪眑咬梎
703,彻,平,唠
704,来,平,顟賿
705,澄,平,
706,匣,平,豪号毫噑嗥獆濠壕崤
707,见,平,髙高膏皋皋羔餻櫜咎鼛鷎篙槹槔 
708,来,平,劳涝牢窂簩蟧醪捞髝憥嫪哰簝
709,晓,平,蒿挠薧薅茠
710,明,平,毛髦芼旄牦枆酕堥
711,透,平,饕洮韬绦謟滔叨韬慆绦绦幍槄蜪夲绸掏瑫  詜挑
712,端,平,刀魛忉裯舠朷
713,心,平,骚搔缫缲臊鰠溞颾鱢艘慅
714,并,平,袍袌軳
715,帮,平,襃褒
716,定,平,陶咷桃綯焘逃鼗鼗鞉涛掏梼騊萄翿匋啕錭駣蜪祹
717,精,平,糟醩遭槽傮
718,疑,平,敖遨翶翱聱骜熬嶅獒滶蔜鷔鳌螯謷嗸嗷摮嫯鳌
719,从,平,曹槽螬嘈鐰艚蓸漕褿
720,影,平,爊鏖
721,泥,平,猱巎嶩峱獿
722,溪,平,尻訄
723,清,平,操幧 
724,滂,平,藨
725,见,平,歌謌柯妿菏牁戕滒哥鴚
726,清,平,蹉瑳搓磋溠傞
727,端,平,多
728,心,平,娑挱挲傞献桫
729,定,平,驼駞鼍紽鮀陀驒沱跎詑池酡驮迱鼧袉佗
730,从,平,醝瘥鹾嵳蒫蔖躜虘齹
731,疑,平,莪哦娥峩鹅俄蛾睋涐誐硪
732,透,平,佗他拕拖它蛇痑鼧
733,来,平,罗萝箩?饠椤啰锣剆
734,泥,平,那挪傩臡
735,匣,平,何河荷菏苛蚵魺
736,晓,平,诃呵
737,溪,平,珂轲
738,影,平,阿娿疴妸妿钶
739,见,平,戈过涡锅楇瘑緺埚
740,清,平,遳
741,端,平,桗
742,心,平,莎魦莏 趖蓑唆髿梭
743,并,平,婆媻鄱皤繁搫蔢碆
744,定,平,碢堶
745,明,平,摩魔磨劘
746,从,平,矬痤锉睉
747,疑,平,讹譌吪鈋囮魤
748,透,平,詑涶
749,来,平,摞骡驘鸁螺蠃覼脶蠡
750,泥,平,捼
751,帮,平,波皤紴嶓番碆
752,滂,平,颇坡玻
753,匣,平,和咊禾和鉌盉
754,溪,平,科窠薖稞萪蝌犐课簻髁
755,影,平,倭濄涡涹踒
756,晓,平,鞾靴
757,影,平,
758,溪,平,
759,群,平,伽茄枷
760,溪,平,佉呿
761,见,平,迦
762,清,平,脞
763,精,平,侳
764,群,平,瘸
765,来,平,
766,明,平,麻犘蟆麻痳
767,昌,平,车砗
768,书,平,奢賖赊畲畲
769,以,平,邪耶瑘釾鋣鎁椰擨斜
770,章,平,遮诸
771,精,平,嗟罝蒫謯瘥袓怚
772,船,平,蛇虵荼
773,匣,平,华骅鷨鋘铧釫桦崋划
774,见,平,瓜騧緺婐蜗娲
775,晓,平,华花哗
776,溪,平,夸夸姱跨胯
777,娘,平,拿拿詉拿摣蒘  笯
778,见,平,嘉家加葭笳麚豭猳痂鴐枷袈跏茄迦珈瘕犌幏貑蟼
779,匣,平,遐虾鍜霞瑕騢鰕碬赮蕸
780,滂,平,葩钯妑蚆吧舥
781,影,平,鸦鵶铔桠丫
782,帮,平,巴钯笆豝芭蚆吧
783,初,平,叉杈差靫鎈艖
784,生,平,鲨魦沙砂裟桬纱髿硰
785,疑,平,牙衙芽齖呀桠吾
786,庄,平,楂柤皻抯溠渣浾
787,澄,平,荼茶秅涂梌秺
788,邪,平,衺斜邪
789,常,平,闍余佘铊鍦
790,影,平,窊洼畖蛙洼哇
791,庄,平,髽
792,知,平,檛簻膼
793,并,平,爬杷琶
794,崇,平,楂查查槎苴
795,彻,平,侘哆
796,知,平,奓觰秺咤
797,晓,平,煆呀谺疨岈颬
798,溪,平,
799,从,平,
800,日,平,若婼
801,心,平,些
802,知,平,爹
803,疑,平,
804,溪,平,
805,以,平,阳旸杨扬扬昜羊样眻佯详徉洋烊炀钖輰敭疡鴹鰑鸉蛘禓崵諹瑒
806,邪,平,详洋翔庠祥痒
807,来,平,良梁粱粮粮凉凉量螂踉椋綡輬
808,晓,平,香皀芗郷乡膷
809,书,平,商伤殇慯觞汤蔏螪禓饷塲
810,并,平,房防坊鲂方肪鴋
811,章,平,章漳樟慞璋彰墇障獐獐鄣蔁暲
812,昌,平,昌裮倡猖阊琩鲳菖
813,溪,平,羌猐蜣
814,见,平,姜 畺疆壃畕缰缰僵礓橿姜僵
815,澄,平,长苌肠场瓺
816,知,平,张餦粻涨
817,日,平,穰禳攘镶躟瀼獽儴蘘鬤勷瓤娘
818,帮,平,方汸坊蚄肪邡鴋枋钫牥趽匚
819,心,平,襄厢厢湘相缃纕忀骧镶瓖欀箱葙
820,精,平,将浆鳉蒋螀摪
821,初,平,创疮
822,明,平,亡芒莣铓硭杗朚邙望望
823,娘,平,娘娘瓤镶
824,崇,平,床床疒
825,庄,平,庄妆装糚
826,常,平,常尚裳甞尝鋿鱨偿徜
827,生,平,霜鸘鷞孀骦騻蠰
828,从,平,墙廧墙佯嫱樯蔷蘠戕
829,清,平,锵玱枪跄蹡斨牄嶈抢
830,溪,平,匡邼筐框恇劻洭軭眶
831,云,平,王蚟彺
832,影,平,央鸯殃鉠秧霙胦泱
833,群,平,强强强勥
834,彻,平,伥鼚
835,滂,平,芳妨淓
836,群,平,狂軖軭鵟
837,定,平,唐啺煻糖糛堂坣棠搪蓎瑭餹篖螗螳塘砀鶶踼闛赯磄溏傏隚鎕橖榶
838,来,平,郎蓈稂桹廊榔锒硠浪螂琅琅狼欴踉莨艆駺躴筤阆哴
839,端,平,当铛筜裆珰档当蟷
840,清,平,仓苍鶬沧飡
841,见,平,冈岗堽刚掆笐钢纲亢犅堈牨苀魧迒
842,心,平,桑桒丧
843,溪,平,康糠糠槺邟漮躿
844,晓,平,荒肓衁邝詤巟
845,匣,平,黄皇瑝惶遑潢堭煌餭騜艎簧隍癀湟徨篁鱑蝗凰偟媓獚蟥韹葟趪
846,见,平,光灮洸桄胱垙輄横恍茪僙侊
847,透,平,汤簜镗闛踼荡蝪鼞薚
848,滂,平,滂镑霶雱磅
849,影,平,汪尣尤尪洸
850,影,平,鸯佒咉眏姎
851,晓,平,炕忼
852,匣,平,航筕桁行迒颃魧胻邟杭沆蚢肮苀抗吭
853,明,平,茫吂汒恾忙朚邙芒杗蘉
854,精,平,臧匨牂 戕赃样
855,泥,平,囊蠰
856,并,平,傍仿膀髈趽房旁篣螃騯
857,疑,平,卬枊昂
858,从,平,藏
859,溪,平,
860,帮,平,帮縍鞤
861,见,平,庚鶊更秔粳粳赓羹埂浭
862,溪,平,阬坑硎砊劥
863,明,平,盲蝱鄳莔
864,匣,平,横黉蝗鐄瑝喤锽韹彋
865,帮,平,閍祊騯嗙
866,晓,平,諻謍嚝喤
867,见,平,觵觥侊
868,并,平,彭澎膨蟚蟛棚榜搒蒡篣騯憉輣
869,晓,平,脝悙亨
870,彻,平,瞠橕樘竀
871,初,平,枪铛枪琤
872,崇,平,伧鬇峥
873,影,平,霙鉠韺渶鶧英瑛媖楧
874,滂,平,磅恲亨烹澎
875,并,平,平评苹枰泙坪胓蚲
876,见,平,惊京荆麠麖鶁蟼
877,明,平,明盟鸣
878,澄,平,枨盯澄掁 挰憕
879,知,平,趟
880,云,平,荣蝾莹揘嵘
881,帮,平,兵
882,晓,平,兄
883,溪,平,卿
884,生,平,生笙牲猩狌鉎甥鼪珄
885,群,平,擎勍黥剠鲸檠樈葝
886,疑,平,迎
887,匣,平,行衡胻洐筕珩桁蘅
888,娘,平,鬤狞
889,见,平,耕
890,溪,平,铿銵鳽誙牼硻殸硁摼羟
891,明,平,甍萌氓氓嫇蕄  
892,帮,平,浜
893,匣,平,宏纮紭闳嵘嵤谹耾翃浤竑宖鈜吰彋
894,匣,平,茎牼
895,知,平,朾丁玎
896,影,平,罂罂罃莺嘤樱嫈鹦譻鸎褮茎
897,崇,平,峥鬇埩鏳崝
898,初,平,琤铮净棦噌
899,娘,平,儜薴鬡鑏嬣
900,滂,平,怦姘閛伻弸匉抨砰
901,晓,平,轰輷揈訇鍧渹
902,帮,平,绷絣拼
903,澄,平,橙浈朾虰憕瞪
904,影,平,泓謍宖
905,并,平,輣棚弸庄
906,疑,平,娙俓
907,庄,平,争筝埩綪狰
908,清,平,清圊
909,从,平,情晴请夝䝼
910,精,平,精氏菁鶄蜻晶鼱婧睛旌旍箐聙
911,以,平,盈嬴瀛籯楹赢攍
912,以,平,营蓥茔濴
913,影,平,婴璎缨撄賏蘡
914,知,平,贞桢祯浈
915,彻,平,柽侦赪竀蛏虰
916,常,平,成城诚宬郕筬盛珹
917,澄,平,呈程酲珵裎
918,书,平,声
919,章,平,征鲭钲怔正鴊眐佂
920,溪,平,轻鑋
921,明,平,名洺
922,来,平,跉令
923,帮,平,并栟簈屏
924,溪,平,倾顷
925,邪,平,糖
926,影,平,萦褮嫈
927,群,平,琼璚茕焭瞏 茕藑嬛赹憌
928,心,平,骍垶觪
929,群,平,颈葝
930,晓,平,
931,清,平,青鶄鲭蜻靘
932,见,平,经泾颈巠
933,匣,平, 刑形邢桯铏型陉侀硎娙钘鋞
934,定,平,庭停鼮莛葶筳亭聤霆渟綎娗挺楟蜓廷
935,端,平,丁钉玎靪虰仃叮
936,晓,平,馨蛵
937,心,平,星曐腥胜鮏鯹醒鉎篂猩惺
938,滂,平,竮俜甹艵頩姘覮
939,来,平,灵霛舲龄麢囹鸰蛉铃霝醽苓棂柃伶泠瓴拎刢玲聆竛蘦軨笭零孁令灵龗翎閝鹷昤駖蕶酃詅彾呤跉狑爧冷怜澪鏻秢獜岭魿紷砱阾羚姈
940,泥,平,宁寍鸋咛聍
941,透,平,汀订桯綎听厅町艼鞓庁
942,明,平,冥榠铭鄍溟螟猽蓂瞑嫇覭暝
943,并,平,瓶瓶蛢屏荓軿萍萍竮郱洴箳
944,匣,平,荧褮萤荥
945,见,平,扃駉駫坰冋絅
946,章,平,蒸烝篜脀
947,常,平,承丞
948,澄,平,澂澄瞪憕惩
949,来,平,陵凌夌绫凌菱菱鲮崚掕祾
950,影,平,膺应鹰
951,并,平,凭冯凭淜
952,帮,平,冫冰掤
953,以,平,蝇
954,船,平,绳譝憴鱦乘乘椉渑溗塍塖騬
955,书,平,升升升胜抍
956,日,平,仍艿辸礽扔
957,见,平,兢矜
958,知,平,征症
959,从,平,缯鄫驓橧竲嶒
960,疑,平,凝
961,晓,平,兴嬹 
962,昌,平,称爯偁
963,群,平,殑
964,生,平,
965,溪,平,硱
966,彻,平,僜庱睖
967,崇,平,磳
968,滂,平,砯
969,端,平,登璒灯簦
970,来,平,楞棱棱輘倰祾
971,心,平,僧鬙
972,帮,平,崩
973,精,平,增憎磳曾矰罾熷 ??竲橧譄
974,明,平,瞢蕄
975,从,平,层曾
976,并,平,朋堋鹏棚倗鬅
977,匣,平,弘鞃苰
978,见,平,肱
979,晓,平,薨
980,泥,平,能
981,定,平,腾滕縢幐螣藤誊儯鰧
982,匣,平,恒恒峘
983,见,平,搄縆絙
984,透,平,鼟膯
985,滂,平,漰堋
986,云,平,尤腄疣肬沋邮訧
987,影,平,忧优瀀麀櫌鄾怮嚘耰獶纋妋
988,来,平,刘留蒥戮摎鹠骝 疁流飂飗瘤榴瑬旒瑠  浏  鰡嵧镏  懰馏裗硫遛憀镠
989,清,平,秋秌鞧緧秋湫鹙鳅鰌楸萩蟗篍趥
990,以,平,猷犹悠油由攸莸浟冘輶蘨秞蚰蝣櫾楢斿游游卣鮋抌揄舀偤邮繇囮庮
991,疑,平,牛
992,精,平,遒鮂蝤啾逎揂揫湫
993,从,平,酋遒崷鰌蝤
994,心,平,修修羞樇
995,彻,平,抽婤惆瘳妯
996,溪,平,恘
997,昌,平,犫犨
998,章,平,周州輖洲赒喌舟郮婤
999,常,平,雠鮋酬醻詶雔魗
1000,日,平,柔鍒騥蝚蹂葇鞣鰇瑈腬鶔揉
1001,书,平,收
1002,溪,平,丘丠蓲蚯邱訄
1003,滂,平,秠衃肧胚紑醅
1004,见,平,鸠朻阄丩龟勼
1005,帮,平,不哹紑鴀
1006,生,平,捜馊飕溲廋搜獀鄋螋騪犙醙
1007,初,平,搊篘醔诌
1008,庄,平,邹鄹郰驺齱陬緅菆棷箃黀
1009,崇,平,愁
1010,晓,平,休貅鸺庥脙髤髹  咻
1011,邪,平,囚泅汓苬慒鮂
1012,澄,平,俦梼踌帱裯 畴紬绸稠燽薵筹  棸椆怞懤鮋菗 
1013,知,平,辀盩啁诪侜调咮矪
1014,群,平,裘仇叴厹求頄蛷逑球璆艽鼽莍赇殏梂朹俅脙馗絿扏銶毬犰訅釚捄肍訄
1015,并,平,浮哹桴枹罦琈粰罘涪芣蜉烰鉜艀棓掊
1016,明,平,谋雺眸牟侔矛鍪鞪麰堥劺蝥蟊鹨恈鴾蛑缪
1017,匣,平,侯矦帿鄇鍭銗猴糇翭翵糇喉篌鯸瘊葔骺睺
1018,影,平,讴呕欧瓯区沤鸥瞘櫙蓲醧剾鏂膒
1019,泥,平,羺獳
1020,来,平,楼娄蒌偻艛耧髅膢廔剅搂喽瞜蝼篓鞻慺鷜褛遱謱
1021,心,平,涑鏉摗
1022,溪,平,彄抠剾韝滱够
1023,晓,平,齁
1024,精,平,緅陬棷掫
1025,透,平,偷鍮鋀媮
1026,定,平,头投骰坄牏揄窬緰歈
1027,疑,平,齵
1028,见,平,钩沟褠韝缑篝冓枸句軥够鸲
1029,端,平,兜侸吺篼剅郖
1030,从,平,鲰
1031,并,平,裒捊抔掊箁
1032,清,平,
1033,明,平,呣
1034,影,平,幽泑呦怮
1035,群,平,虬觩璆觓鹨蟉
1036,帮,平,彪髟骉
1037,来,平,镠蟉
1038,见,平,樛  朻
1039,并,平,淲瀌
1040,精,平,稵
1041,生,平,犙
1042,疑,平,聱
1043,晓,平,飍烋
1044,明,平,缪鹨
1045,清,平,侵骎浸綅
1046,邪,平,寻镡浔鱏樳鄩襑枔撏灊鬵
1047,来,平,林琳淋临痳箖瀶霖
1048,彻,平,琛棽綝郴賝
1049,章,平,斟针针箴葴瑊鱵
1050,澄,平,沉沉莐霃湛枕鈂
1051,知,平,碪砧椹枮坫
1052,常,平,谌愖訦忱煁瘎
1053,日,平,任鵀恁壬纴銋
1054,书,平,深
1055,以,平,淫霪淫蟫鷣冘撢镡鱏
1056,心,平,心杺
1057,影,平,愔
1058,精,平,祲梫兓埐綅
1059,从,平,鬵嶜梣埐鈂灊
1060,娘,平,纴鵀
1061,群,平,琴捦擒黔禽芩檎鳹凛凛庈雂耹靲
1062,溪,平,钦菳衾嵚顉
1063,疑,平,吟訡唫崟荶碞乑
1064,晓,平,歆廞嬜
1065,见,平,金今黅衿襟禁
1066,影,平,音阴阴隌瘖霠喑
1067,生,平,森参蔘薓槮襳穼棽
1068,崇,平,岑涔梣笒
1069,庄,平,旡簪撍
1070,初,平,嵾参梫骎槮
1071,昌,平,
1072,定,平,覃潭昙藫橝蟫谭燂壜镡眈荨
1073,清,平,参骖傪
1074,泥,平,南男楠楠抩
1075,影,平,谙鹌媕庵腤庵馣嬜韽盦喑
1076,匣,平,含涵筨梒函顄蜬颔鋡圅肣
1077,来,平,婪惏燣燷岚葻啉
1078,从,平,蚕撏
1079,精,平,簪撍篸鐕
1080,透,平,探撢贪
1081,端,平,耽湛眈鸩妉甔媅
1082,溪,平,龛堪戡嵁撖
1083,晓,平,馠谽唅
1084,心,平,毵蔘犙
1085,见,平,弇淦蜬
1086,疑,平,嵁
1087,定,平,谈郯惔锬淡痰澹倓餤
1088,见,平,甘柑苷泔媣
1089,端,平,担儋聸頕甔
1090,心,平,三参叁弎鬖
1091,来,平,蓝褴篮懢儖蘫
1092,溪,平,坩
1093,透,平,舑聃緂
1094,从,平,慙惭錾
1095,匣,平,酣甝魽煔炶
1096,明,平,姏
1097,从,平,
1098,晓,平,蚶嬜敛憨
1099,以,平,盐塩阎壛阽檐檐櫩
1100,来,平,廉镰镰帘薕莶蔹匳奁籨猃蠊帘鬑覝
1101,帮,平,砭
1102,心,平,铦暹枮綅韱襳纤憸孅彡
1103,清,平,签脸碱椠憸佥譣
1104,章,平,詹瞻占蟾噡厃
1105,常,平,棎撏蟾
1106,书,平,苫痁
1107,昌,平,幨襜裧緂妗
1108,日,平,髯蚺呥楠蛅冉冄袡舑
1109,娘,平,黏粘
1110,云,平,炎
1111,知,平,沾沾
1112,彻,平,觇
1113,影,平,淹庵崦腌阉
1114,溪,平,
1115,疑,平,
1116,精,平,尖歼瀸渐虃熸鑯锓
1117,从,平,潜朁鬵灊燂螹
1118,群,平,钳钳钻黚钳黔羬鳹雂针钤
1119,影,平,懕猒餍嬮 
1120,邪,平,燅燖爓
1121,生,平,襳
1122,澄,平,誗
1123,群,平,针
1124,透,平,添沾黇舚
1125,端,平,敁占詀
1126,定,平,甜恬湉菾
1127,来,平,鬑薕熑溓濓燫
1128,溪,平,谦
1129,见,平,兼缣鹣蒹鳒
1130,匣,平,嫌稴
1131,泥,平,鲇拈
1132,晓,平,馦欦妗
1133,匣,平,咸咸醎函諴鳒稴椷輱
1134,见,平,缄瑊玪尲黬
1135,生,平,攕掺檆杉櫼
1136,影,平,淹黯
1137,疑,平,岩黬羬麙碞
1138,晓,平,妗
1139,知,平,詀鵮
1140,娘,平,諵喃
1141,崇,平,谗獑錾馋毚欃搀儳酁
1142,溪,平,鵮嵁厱
1143,匣,平,衔甉
1144,崇,平,巉嶃劖艬镵獑毚嚵
1145,疑,平,岩礹
1146,初,平,搀
1147,生,平,衫才髟縿彡芟穇
1148,见,平,监礛鉴
1149,并,平,
1150,溪,平,嵌
1151,疑,平,严
1152,晓,平,杴蔹
1153,影,平,腌腌
1154,溪,平,厱
1155,并,平,凡帆泛颿柉
1156,滂,平, 
1157,端,仄,董蝀箽懂蕫
1158,明,仄,蠓鸏蒙朦曚懵
1159,溪,仄,孔倥
1160,心,仄,檧
1161,透,仄,侗桶曈捅
1162,精,仄,緫总揔惣嵸苁鬷猣翪熜燪偬
1163,匣,仄,澒鸿汞
1164,影,仄,蓊滃暡郺勜塕
1165,泥,仄,
1166,帮,仄,琫菶俸
1167,来,仄,昽襱巃竉笼拢儱龓
1168,晓,仄,唝
1169,定,仄,动酮姛眮詷桶挏硐
1170,并,仄,菶唪埲
1171,章,仄,肿种踵歱喠
1172,彻,仄,宠埫
1173,来,仄,陇垅
1174,影,仄,拥壅
1175,日,仄,宂冗穁氄軵搑
1176,澄,仄,重襱鲖
1177,知,仄,冢冢
1178,并,仄,奉唪
1179,滂,仄,捧
1180,以,仄,勇恿涌甬踊慂塎悀埇溶蛹傛俑
1181,溪,仄,恐
1182,常,仄,尰瘇
1183,见,仄,拱拲巩蛬孒 珙廾巩栱輁
1184,心,仄,悚竦怂耸㩳駷愯傱
1185,晓,仄,汹詾凶
1186,帮,仄,覂
1187,端,仄,湩
1188,明,仄,
1189,群,仄,
1190,昌,仄,喠
1191,章,仄,幒
1192,精,仄,
1193,见,仄,讲港傋耩
1194,并,仄,棒棓玤蚌蜯
1195,影,仄,慃
1196,明,仄, 
1197,匣,仄,项缿
1198,帮,仄,
1199,晓,仄,傋
1200,章,仄,纸帋只坻轵枳咫扺坁砥汦抧恀
1201,常,仄,是氏媞諟恀徥褆姼
1202,明,仄,靡骳蘼
1203,帮,仄,彼柀佊
1204,并,仄,被罢
1205,晓,仄,毁毁毁檓毇毁烜
1206,影,仄,委骫蜲
1207,溪,仄,跪
1208,见,仄,诡垝陒攱觤恑蛫祪庪庋洈蟡姽桅佹
1209,心,仄,髓嶲靃瀡
1210,来,仄,絫累樏厽垒
1211,群,仄,技妓徛伎锜
1212,影,仄,倚猗椅旖輢
1213,见,仄,掎剞庋踦攲敧
1214,溪,仄,绮婍碕觭
1215,疑,仄,蚁蚁蛾锜礒齮舣舣嶬轙羛
1216,云,仄,蔿鄬儰薳寪
1217,精,仄,觜
1218,日,仄,蕊蕊甤繠
1219,清,仄,此跐佌玼泚
1220,澄,仄,豸褫陊踶傂杝阤廌褆徥
1221,心,仄,徙壐玺
1222,以,仄,酏迤匜衪肔崺扡孈
1223,来,仄,逦峛
1224,生,仄,躧洒纚縰酾屣矖簁
1225,帮,仄,俾鞞箄髀崥
1226,日,仄,尔尒尔迩迩
1227,明,仄,渳弭沵弥芈敉侎葞蝆 
1228,并,仄,婢庳
1229,昌,仄,侈姼鉹誃垑懘袳袲恀哆
1230,书,仄,弛豕阤
1231,精,仄,紫訿訾啙跐茈呰
1232,章,仄,捶箠沝
1233,初,仄,揣
1234,邪,仄,
1235,船,仄,舓舐
1236,庄,仄,跐
1237,滂,仄,紴披
1238,滂,仄,諀庀疕仳吡
1239,以,仄, 芛撱
1240,从,仄,惢
1241,溪,仄,跬頍
1242,娘,仄,狔旎柅
1243,疑,仄,硊頠姽
1244,群,仄,跪
1245,彻,仄,褫
1246,知,仄,
1247,晓,仄,
1248,溪,仄,企跂
1249,常,仄,菙
1250,见,仄,枳
1251,章,仄,旨指恉厎砥茋
1252,常,仄,视眡眎
1253,明,仄,美媺渼媄
1254,帮,仄,鄙啚娝痞
1255,邪,仄,兕  羠薙
1256,见,仄,几麂机
1257,精,仄,姊秭
1258,帮,仄,匕妣秕比沘枇朼疕髀
1259,见,仄,轨簋朹晷厬宄匦頯氿
1260,云,仄,洧鲔痏
1261,书,仄,矢屎
1262,澄,仄,雉滍薙
1263,心,仄,死
1264,并,仄,牝
1265,来,仄,履
1266,书,仄,水
1267,来,仄,垒蜼猚櫐蘽轠鸓藟诔耒讄
1268,群,仄,揆楑嫢湀
1269,清,仄,趡踓
1270,娘,仄,柅
1271,见,仄,癸湀
1272,并,仄,否痞圮 仳殍
1273,从,仄,嶵
1274,滂,仄,嚭秠疕嶏
1275,日,仄,蕊甤繠
1276,以,仄,唯蓶鰖壝瀢孈撱踓
1277,影,仄,
1278,精,仄,濢噿嶉 臎
1279,知,仄,黹 夂
1280,彻,仄,
1281,章,仄,
1282,晓,仄,
1283,群,仄,
1284,群,仄,跽
1285,溪,仄,岿蘬
1286,章,仄,止畤沚洔茝趾址址芷厎
1287,常,仄,市恃畤
1288,知,仄,征
1289,晓,仄,喜憙蟢
1290,见,仄,纪己妀
1291,以,仄,以巳已苡苢佁攺
1292,邪,仄,似佀祀禩姒巳耜汜洍泤攺鈶
1293,生,仄,史使驶
1294,日,仄,耳洱駬
1295,来,仄,里里鲤悝李理娌俚
1296,心,仄,枲萆葸諰
1297,书,仄,始
1298,澄,仄,歭跱峙痔偫 洔畤秲庤
1299,溪,仄,起邔 杞屺玘芑
1300,崇,仄,士仕柹柿戺
1301,俟,仄,俟竢涘呆 
1302,精,仄,子仔虸耔秄梓杍
1303,云,仄,矣
1304,疑,仄,拟儗薿孴譺
1305,昌,仄,齿纰
1306,彻,仄,耻祉褫
1307,初,仄,欼
1308,庄,仄,滓笫胏
1309,影,仄,譩醷
1310,娘,仄,伱你聻
1311,明,仄,尾亹斖浘娓
1312,影,仄,扆偯庡僾叆
1313,溪,仄,岂
1314,见,仄,虮几穖
1315,滂,仄,斐菲胐悱奜
1316,帮,仄,匪篚棐餥榧蜰蜚
1317,云,仄,韪炜暐伟玮苇椲韡颹媁愇鍏
1318,见,仄,鬼
1319,晓,仄,虺虫卉
1320,疑,仄,顗蚁
1321,晓,仄,豨狶俙霼唏
1322,影,仄,磈嵔
1323,并,仄,膹橨蟦陫
1324,疑,仄,语篽籞圉敔圄衙龉铻御蘌
1325,来,仄,吕膂旅祣穭梠儢侣郘絽
1326,澄,仄,伫伫芧苎纻杼羜宁眝
1327,以,仄,与与欤予藇
1328,章,仄,煑煮陼渚
1329,日,仄,汝肗茹
1330,书,仄,暑鼠黍癙
1331,昌,仄,杵处
1332,知,仄,贮褚着詝
1333,心,仄,谞胥稰醑湑糈楈
1334,彻,仄,楮柠褚
1335,娘,仄,女籹
1336,晓,仄,许鄦
1337,群,仄,巨拒秬距炬粔虡簴鐻巨苣駏讵歫
1338,生,仄,所糈齭疋盨
1339,初,仄,楚础齭齼憷濋
1340,庄,仄,阻俎
1341,崇,仄,龃鉏
1342,从,仄,咀沮怚袓跙
1343,影,仄,
1344,见,仄,举莒榉筥弆柜 
1345,邪,仄,叙绪藇序 ??漵抒屿鱮
1346,溪,仄,仄麮弆
1347,船,仄,纾抒杼
1348,常,仄,野墅
1349,清,仄,
1350,精,仄,苴咀
1351,疑,仄,麌俣噳
1352,云,仄,羽禹雨宇瑀祤栩鄅頨楀萭聥
1353,从,仄,聚鄹
1354,帮,仄,甫脯斧 俯俯府腑簠黼蜅莆俌父蚥鯆郙
1355,明,仄,武舞儛妩侮怃珷碔庑甒潕鹉膴瞴娬敄
1356,并,仄,父辅腐滏蚥秿鬴釜
1357,滂,仄,抚弣拊殕俌剖  
1358,澄,仄,柱跓嵀
1359,晓,仄,诩 冔 姁栩珝欨祤咻喣煦
1360,常,仄,竖竖树裋
1361,以,仄,庾窳抌愈愈愈貐楰斞
1362,章,仄,主麈枓宔炷
1363,影,仄,伛噢迂
1364,溪,仄,龋踽竘
1365,知,仄,拄柱丶
1366,日,仄,乳擩醹
1367,群,仄,窭貗
1368,生,仄,数籔
1369,见,仄,矩榘踽枸萭聥楀蒟椇
1370,清,仄,取
1371,来,仄,缕偻褛篓嵝謱慺溇  蒌
1372,心,仄,
1373,崇,仄,
1374,明,仄,姥莽妈峔
1375,透,仄,土吐稌芏
1376,定,仄,杜靯肚荰土
1377,来,仄,鲁橹卤虏掳樐橹鐪蓾卤鏀 
1378,清,仄,蔖
1379,端,仄,覩睹暏赌堵肚帾 楮
1380,见,仄,古鼓 鼓鼔瞽股罟蛊估盬钴羖诂牯贾夃沽焸  
1381,疑,仄,五午旿伍仵
1382,并,仄,簿部
1383,从,仄,粗麆驵伹粗
1384,精,仄,祖珇组蒩靻
1385,晓,仄,虎琥戽浒 萀
1386,影,仄,隖坞邬瑦溩
1387,溪,仄,苦
1388,泥,仄,怒弩砮努
1389,匣,仄,戸楛扈怙鄠帍祜昈岵苄雇鳸婟戽洿酤沪簄
1390,滂,仄,普溥誧浦烳
1391,帮,仄,补谱圃
1392,从,仄,荠鮆鲚癠啙
1393,来,仄,礼礼蠡澧醴鳢鲡欚盠劙豊欐
1394,透,仄,体軆醍涕挮缇
1395,滂,仄,
1396,精,仄,济癠夘
1397,端,仄,邸底诋坻抵牴觝柢弤堤軧
1398,定,仄,弟娣悌递媞
1399,泥,仄,祢嬭 苨弥坭镾薾檷鑈
1400,心,仄,洗洒
1401,清,仄,泚玼緀皉
1402,溪,仄,启棨綮卟稽晵闙启
1403,晓,仄,徯謑涀匸
1404,明,仄,米眯洣蔝
1405,并,仄,陛梐髀
1406,影,仄,
1407,疑,仄,堄掜觬晲
1408,帮,仄,
1409,匣,仄,蟹解獬澥嶰
1410,明,仄,买嘪荬鷶
1411,溪,仄,
1412,澄,仄,廌豸
1413,娘,仄,嬭妳
1414,并,仄,罢矲猈惫
1415,影,仄,矮躷
1416,帮,仄,摆捭
1417,见,仄,解薢檞
1418,生,仄,洒躧
1419,见,仄,拐
1420,澄,仄,
1421,匣,仄,伙
1422,晓,仄,扮
1423,群,仄,箉拐
1424,匣,仄,骇絯侅駴
1425,溪,仄,楷锴
1426,疑,仄,呆娾
1427,影,仄,挨唉
1428,晓,仄,贿悔蛕
1429,影,仄,猥腲嵔鍡碨
1430,来,仄,磥磊癗礧鑘郲蕾儡 頛櫑
1431,定,仄,錞瀢陮 
1432,从,仄,辠罪嶵
1433,明,仄,浼潣每挴燘
1434,透,仄,骽腿聉僓脮
1435,匣,仄,瘣溾汇廆輠
1436,溪,仄,傀顝磈
1437,端,仄,頧謉
1438,泥,仄,餧馁浽娞鮾脮
1439,知,仄,
1440,疑,仄,頠顡隗峞嵬
1441,清,仄,皠漼璀鏙
1442,并,仄,琲痱
1443,精,仄,嶊洅
1444,云,仄,侑
1445,晓,仄,海醢橀
1446,溪,仄,恺凯颽垲暟铠闿輆
1447,精,仄,宰縡载
1448,定,仄,骀殆待怠迨绐诒軩
1449,泥,仄,乃迺鼐
1450,见,仄,改颏絠
1451,匣,仄,亥侅
1452,滂,仄,啡
1453,清,仄,采采彩采彩
1454,昌,仄,茝
1455,端,仄,等
1456,明,仄, 挴
1457,从,仄,在
1458,滂,仄,俖朏
1459,影,仄,欸毐挨
1460,以,仄,佁
1461,透,仄,
1462,日,仄,疓
1463,来,仄,唻
1464,以,仄,
1465,并,仄,倍菩蓓
1466,章,仄,轸缜胗疹畛赈鬒槇槙紾缜诊袗裖敐眕黰駗稹
1467,彻,仄,辴
1468,常,仄,肾蜃祳脤鋠
1469,日,仄,忍荵涊
1470,书,仄,矤矧訠哂弞頣
1471,来,仄,嶙僯橉撛
1472,澄,仄,紖眹
1473,见,仄,紧胗
1474,从,仄,尽濜
1475,精,仄,尽
1476,并,仄,牝髌膑猵
1477,疑,仄,釿磭齗听
1478,清,仄,笉
1479,群,仄,窘僒莙箘菌蔨蜠
1480,以,仄,引蚓螾弞濥廴戭演鈏靷
1481,明,仄,愍慜悯闵敏暋暋潣簢鰵
1482,明,仄,泯僶笢黾黾渑刡 脗
1483,云,仄,殒涢磒陨霣愪荺
1484,章,仄,准准埻纯
1485,以,仄,尹允狁馻玧
1486,心,仄,笋笋鵻隼箰簨 栒
1487,日,仄,蠕
1488,昌,仄,蠢踳蠢偆僢
1489,船,仄,盾循吮楯
1490,彻,仄,偆
1491,来,仄,耣
1492,日,仄,
1493,溪,仄,
1494,溪,仄,螼
1495,书,仄,賰
1496,晓,仄,脪
1497,崇,仄,濜
1498,知,仄,屒
1499,明,仄,吻刎抆伆勽
1500,帮,仄,粉黺扮
1501,并,仄,愤扮鼢蚡坟魵鲼弅轒膹坋
1502,滂,仄,忿魵
1503,影,仄,恽蕰蕴韫緼褞賱酝揾
1504,疑,仄,齳齫夽喗
1505,云,仄,抎
1506,溪,仄,
1507,影,仄,隐磤櫽嶾乚
1508,见,仄,谨槿堇漌慬巹 卺  菦
1509,庄,仄,
1510,溪,仄,赾
1511,群,仄,近瘽
1512,初,仄,龀齓
1513,疑,仄,听
1514,晓,仄,
1515,疑,仄,阮邧
1516,云,仄,远
1517,影,仄,偃鶠郾褗堰匽鄢鼹蝘鰋
1518,见,仄,湕揵蹇
1519,群,仄,寋楗键
1520,溪,仄,
1521,疑,仄,巘 屵
1522,晓,仄,幰攇
1523,明,仄,晚娩挽挽娩脕
1524,帮,仄,反阪坂返橎
1525,群,仄,圈菌卷
1526,影,仄,婉菀苑踠蜿畹琬宛惌倇夗晼睕
1527,溪,仄,绻虇裷
1528,晓,仄,暅咺烜愃谖
1529,并,仄,饭軬笲
1530,匣,仄,混鯶浑緷焜倱棍睔掍睴辉
1531,滂,仄,翉
1532,清,仄,忖刌
1533,帮,仄,本畚笨苯
1534,心,仄,损
1535,精,仄,撙噂譐僔
1536,影,仄,稳
1537,定,仄,囤盾沌坉庉遁遁
1538,从,仄,鳟
1539,见,仄,衮绲鲧鮌辊緷蓘惃丨锟
1540,透,仄,畽疃吨黗
1541,溪,仄,阃壸 稇 裍悃梱齫硱
1542,来,仄,惀睔碖
1543,并,仄,獖笨撪体
1544,明,仄,懑
1545,泥,仄,
1546,晓,仄,惛
1547,匣,仄,很狠
1548,溪,仄,垦恳龈豤
1549,见,仄,詪
1550,匣,仄,旱皔
1551,端,仄,亶嬗笪疸觛狚担
1552,透,仄,坦
1553,心,仄,散饊糤鏾伞伞
1554,定,仄,但蜑袒袒诞潬繵膻僤觛
1555,从,仄,瓉趱禶
1556,见,仄,笴簳皯秆秆仠矸衦
1557,来,仄,懒懒糷谰
1558,溪,仄,侃衎
1559,晓,仄,罕蔊厂滩暵焊熯
1560,精,仄,
1561,匣,仄,缓浣浣綄梡棵鰀嵈晥
1562,端,仄,短断
1563,影,仄,碗碗碗
1564,透,仄,疃痪
1565,心,仄,算匴纂
1566,见,仄,管管脘輨盥琯痯悹錧
1567,来,仄,卵
1568,溪,仄,款歀欵窾梡棵
1569,泥,仄,煗暖暖餪渜稬
1570,精,仄,纂纉缵儧儹籫鄼酂繤
1571,并,仄,伴拌
1572,明,仄,满懑鏋
1573,帮,仄,粄瓪昄
1574,邪,仄,鄹
1575,定,仄,断缎
1576,泥,仄,摊
1577,滂,仄,坢
1578,生,仄,潸
1579,影,仄,绾
1580,帮,仄,版板蝂瓪昄钣
1581,庄,仄,拃
1582,娘,仄,赧戁
1583,匣,仄,僩僴憪撊 捍橌橺
1584,匣,仄,睆睅鲩皖莞
1585,并,仄,阪昄魬
1586,明,仄,矕
1587,崇,仄,
1588,疑,仄,
1589,初,仄,
1590,滂,仄,眅
1591,崇,仄,撰馔
1592,生,仄,产簅摌嵼汕浐
1593,匣,仄,限硍
1594,疑,仄,
1595,见,仄,简僩裥柬暕拣
1596,初,仄,刬铲丳羼
1597,崇,仄,栈嶘轏孱輚虥
1598,疑,仄,眼
1599,庄,仄,醆琖盏
1600,初,仄,
1601,溪,仄,龈
1602,心,仄,铣洗跣毨姺燹箲筅
1603,透,仄,腆痶圢淟町錪腼琠蚕賟晪
1604,端,仄,典蕇錪
1605,影,仄,蝘躽宴嬿
1606,定,仄,殄蜓跈
1607,见,仄,茧絸蠒趼垷笕襺挸
1608,匣,仄,岘臔哯晛垷蚬俔顈睍詪嫢
1609,晓,仄,显韅蚬抮
1610,明,仄,芇丏眄
1611,泥,仄,捻涊蹨跈
1612,帮,仄,编匾缏萹藊惼碥扁糄
1613,匣,仄,泫铉琄贙埍缳鞙
1614,见,仄,く畎詃埍罥羂汱
1615,并,仄,辫艑扁  
1616,溪,仄,犬
1617,溪,仄,豤蜸
1618,疑,仄,齞
1619,心,仄,狝鲜尠鲜癣燹廯藓
1620,以,仄,演衍演蔩戭
1621,从,仄,践諓饯俴
1622,知,仄,展搌皽辗紾袒
1623,章,仄,樿饘醆皽燀橏嫸
1624,娘,仄,趁蹍
1625,清,仄,浅
1626,昌,仄,阐燀繟幝灛啴
1627,溪,仄,遣缱 
1628,见,仄,蹇謇搴攓 藆
1629,常,仄,善譱墠鱓蟺单僐鄯墡磰
1630,精,仄,翦剪揃戬钱媊俴帴鬋籛
1631,日,仄,蹨橪戁熯
1632,邪,仄,
1633,来,仄,辇琏鄻僆摙莲膦
1634,疑,仄,齴巘遃嵃谳甗
1635,群,仄,件键鑳
1636,并,仄,辩 辡辨谝
1637,明,仄,缅沔汅湎愐黾偭勔
1638,帮,仄,褊
1639,精,仄,臇
1640,从,仄,隽隽吮
1641,帮,仄,辡覵鴘
1642,以,仄,兖沇抁萒馻
1643,来,仄,脔娈脟
1644,知,仄,转
1645,见,仄,卷菤韏卷埢
1646,群,仄,圈蔨萒
1647,日,仄,輭软蠕碝瑌愞腝耎偄緛
1648,昌,仄,舛喘荈
1649,常,仄,膞腨鄟歂踹
1650,澄,仄,篆瑑沌抟堟
1651,章,仄,剸剬孨鱄竱膞
1652,心,仄,选
1653,崇,仄,撰僎撰
1654,群,仄,蜎
1655,晓,仄,蠉
1656,并,仄,楩谝扁
1657,明,仄,免娩勉俛鮸冕絻
1658,彻,仄,搌蒇
1659,滂,仄,鴘
1660,书,仄,
1661,影,仄,嫣
1662,澄,仄,邅
1663,崇,仄,栈
1664,心,仄,筱筱謏
1665,见,仄,皎璬皦恔缴晈儌
1666,端,仄,鸟茑钌扚 
1667,来,仄,了蓼了镽鄝缭憭爒撩
1668,透,仄,朓窱挑
1669,晓,仄,晓皢膮
1670,影,仄,杳窅窈偠騕葽鴢婹苭
1671,泥,仄,嬲袅褭娆
1672,匣,仄,皛芍 
1673,定,仄,窕誂掉嬥挑
1674,溪,仄,硗
1675,精,仄,湫劋
1676,心,仄,小
1677,澄,仄,肈肇肁兆赵旐狣鮡駣垗
1678,章,仄,沼菬
1679,影,仄,夭夭芺仸
1680,彻,仄,巐
1681,书,仄,少
1682,日,仄,扰绕绕娆猱
1683,并,仄,摽鳔慓顠膘
1684,昌,仄,麨弨楢眧
1685,滂,仄,缥醥犥顠皫篻瞟膘
1686,明,仄,眇渺訬淼杪秒藐吵篎
1687,常,仄,绍綤佋袑
1688,见,仄,矫鱎敽挢娇蟜譑孂蹻
1689,帮,仄,表
1690,帮,仄,褾标
1691,并,仄,藨殍莩
1692,以,仄,鷕溔舀抭 
1693,清,仄,悄愀釥
1694,精,仄,剿劋剿漅膘
1695,群,仄,
1696,来,仄,缭燎璙憭爒僚嫽
1697,滂,仄,麃
1698,影,仄,闄
1699,溪,仄,巧
1700,匣,仄,泶佼
1701,帮,仄,饱
1702,娘,仄,挠獿
1703,明,仄,卯戼緢泖媌昴茆
1704,见,仄,绞狡佼搅筊铰姣烄 
1705,庄,仄,爪 瑵笊抓
1706,影,仄,拗鴢靿袎  狕
1707,并,仄,鲍骲鞄
1708,疑,仄,齩
1709,崇,仄,
1710,初,仄,煼炒诌吵
1711,知,仄,獠
1712,生,仄,
1713,匣,仄,晧昊昦暭镐浩颢灏鰝夰鄗滈
1714,并,仄,抱
1715,来,仄,老獠轑橑潦栳涝
1716,透,仄,讨套槄
1717,定,仄,道衟稻駣
1718,泥,仄,匘脑恼碯
1719,心,仄,嫂燥埽扫
1720,端,仄,倒捣捣岛禂梼祷壔懤
1721,清,仄,草艸懆慅草愺
1722,精,仄,早澡藻薻蚤璪璅枣缲缫
1723,从,仄,皂皂造艁
1724,见,仄,皓杲稾稿藳夰缟槀菒
1725,晓,仄,好
1726,明,仄,蓩媢冃
1727,帮,仄,宝珤保堢堡褓緥鸨葆駂宲賲
1728,影,仄,袄镺懊芺媪燠夭郩蝹
1729,溪,仄,考考栲槁祰洘燺丂薧
1730,疑,仄,
1731,见,仄,哿舸笴
1732,清,仄,瑳硰
1733,端,仄,亸哆瘅
1734,心,仄,縒娑褨
1735,定,仄,爹柁舵陊袉拕沱詑
1736,疑,仄,我騀硪
1737,透,仄,袉
1738,来,仄, 攞 砢 曪 剆
1739,泥,仄,橠娜那袲
1740,匣,仄,荷何
1741,晓,仄,
1742,溪,仄,可岢轲坷
1743,影,仄,桠妸娿
1744,精,仄,左
1745,见,仄,果果猓輠鐹划裹蜾惈粿
1746,端,仄,埵鬌挆朵朵缍揣锗
1747,心,仄,锁琐溑葰惢
1748,定,仄,堕垛憜惰嫷鬌嶞
1749,透,仄,妥媠隋堕椭 鵎
1750,明,仄,么么懡
1751,从,仄,坐
1752,疑,仄,
1753,来,仄,裸躶裸卵瘰蓏蠃
1754,影,仄,婐倭
1755,泥,仄,
1756,帮,仄,跛簸駊
1757,滂,仄,叵駊颇
1758,匣,仄,祸伙輠
1759,晓,仄,火邩
1760,溪,仄,颗堁敤
1761,并,仄,爸
1762,清,仄,脞
1763,精,仄,硰
1764,明,仄,马码骂鷌鰢
1765,章,仄,者赭堵
1766,以,仄,野壄也冶虵
1767,疑,仄,雅疋庌厊
1768,见,仄,槚榎嘏假叚贾斝瘕椵婽
1769,生,仄,洒
1770,影,仄,哑痖
1771,邪,仄,灺抯
1772,匣,仄,下丅夏厦
1773,心,仄,写泻
1774,精,仄,
1775,明,仄,乜
1776,清,仄,且
1777,晓,仄,閜襾
1778,常,仄,社
1779,溪,仄,跒
1780,并,仄,跁笆
1781,书,仄,舍舎舍騇
1782,精,仄,姐抯飷
1783,帮,仄,把
1784,匣,仄,踝稞 黊蘳觟輠
1785,见,仄,寡冎剐
1786,疑,仄,瓦邷
1787,日,仄,若惹
1788,庄,仄,鲊厏謯痄
1789,知,仄,觰
1790,崇,仄,槎厏
1791,昌,仄,奲哆撦扯
1792,知,仄,
1793,娘,仄,
1794,溪,仄,髁跨骻銙 
1795,初,仄,
1796,彻,仄,
1797,生,仄,葰傻
1798,彻,仄,姹
1799,来,仄,藞
1800,以,仄,养痒痒瀁蛘勨
1801,邪,仄,像象蟓橡襐勨鱌潒嶑
1802,精,仄,奖奖桨蒋
1803,来,仄,两脼緉蜽魉
1804,影,仄,鞅柍秧 詇岟駚炴  怏紻
1805,群,仄,勥强弜誩滰
1806,疑,仄,仰卬
1807,初,仄,磢 抢漺怆
1808,心,仄,想鲞
1809,章,仄,掌仉
1810,生,仄,爽 鷞塽樉  漺 
1811,晓,仄,响飨蚃 亯亨享向曏
1812,昌,仄,敞 氅 厂  僘
1813,见,仄,繦镪襁膙憼
1814,澄,仄,丈杖仗
1815,彻,仄,昶鋹
1816,见,仄,犷
1817,日,仄,壤穰蠰攘躟
1818,书,仄,赏 饷曏
1819,滂,仄,仿仿仿纺鶭
1820,明,仄,网网罔辋棢惘菵誷蛧魍
1821,帮,仄,昉仿放瓬
1822,影,仄,枉汪
1823,云,仄,往暀
1824,晓,仄,恍 詤谎
1825,清,仄,抢摤
1826,知,仄,长
1827,常,仄,仄丄
1828,群,仄,俇
1829,见,仄,臩迋 逛
1830,并,仄,
1831,初,仄, 傸
1832,定,仄,荡崵婸潒愓璗荡簜嵣
1833,心,仄,颡 磉
1834,见,仄,广邝
1835,帮,仄,榜牓 螃蒡 
1836,精,仄,驵驡脏
1837,泥,仄,曩灢
1838,匣,仄,沆肮 蚢吭
1839,透,仄,曭傥偒戃矘帑爣攩
1840,明,仄,莽茻壾 蟒漭 
1841,端,仄,党谠欓
1842,来,仄,朗朖誏俍崀榔
1843,影,仄,坱姎映泱咉醠盎駚軮
1844,溪,仄,慷忼嵻肮懬
1845,影,仄, 瀇
1846,匣,仄,晃幌櫎榥滉攩皝
1847,滂,仄,髈
1848,晓,仄,慌爌宺詤谎
1849,见,仄,
1850,疑,仄,
1851,从,仄,奘
1852,清,仄,苍
1853,晓,仄,汻酐
1854,溪,仄,懬爌
1855,见,仄,梗挭哽郠绠鲠埂鲠
1856,帮,仄,丙昞怲邴炳秉窉苪蛃
1857,见,仄,警儆景境璥蟼憼
1858,影,仄,影璟璄摬
1859,生,仄,省眚渻
1860,云,仄,永栐
1861,晓,仄,
1862,明,仄,皿
1863,见,仄,憬囧煚璟臩暻
1864,匣,仄,杏荇荇
1865,明,仄,猛蜢艋鱦鄳
1866,见,仄,矿矿犷穬
1867,帮,仄,浜
1868,知,仄,盯
1869,澄,仄,瑒
1870,影,仄,奣
1871,端,仄,打
1872,来,仄,冷
1873,匣,仄,卝澋
1874,并,仄,鮩
1875,溪,仄,
1876,娘,仄,柠
1877,见,仄,耿
1878,明,仄,鼆黾
1879,匣,仄,幸幸
1880,并,仄,傡并蠯螷
1881,滂,仄,皏
1882,从,仄,静睁靖妌婧穽阱狰
1883,章,仄,整
1884,彻,仄,逞骋裎悜睈
1885,以,仄,郢浧梬
1886,群,仄,痉
1887,以,仄,颍颖
1888,来,仄,领岭阾柃袊
1889,见,仄,颈
1890,帮,仄,饼屏鉼并
1891,溪,仄,顷苘苘
1892,精,仄,丼井
1893,影,仄,廮瘿
1894,清,仄,请睛
1895,心,仄,省渻睲惺
1896,明,仄,眳慏
1897,知,仄,徎塣
1898,匣,仄,迥冋炯泂
1899,见,仄,熲炅炯  煛
1900,明,仄,茗嫇酩瀴溟眳姳
1901,端,仄,顶奵耵鼎薡酊濎葶靪打
1902,定,仄,挺艇铤梃娗町霆莛涏蜓订誔
1903,透,仄,珽圢脡侹颋徎町艼  閮
1904,从,仄,汫
1905,影,仄,濙
1906,溪,仄,謦
1907,泥,仄,聍泞
1908,匣,仄,婞涬鋞胫緈
1909,心,仄,醒箵
1910,帮,仄,鞞
1911,溪,仄,褧苘苘烓顈絅
1912,见,仄,刭烃
1913,滂,仄,頩
1914,影,仄,巊瀴
1915,来,仄,笭冷
1916,并,仄,并并鮩并
1917,晓,仄,詗
1918,疑,仄,矨
1919,章,仄,拯抍撜 氶
1920,彻,仄,庱
1921,群,仄,殑
1922,生,仄,
1923,端,仄,等
1924,滂,仄,倗剻
1925,溪,仄,肯肎
1926,泥,仄,能
1927,云,仄,有右友栯
1928,来,仄,柳罶懰珋嬼熮浏绺茆
1929,娘,仄,狃纽钮杻莥禸扭
1930,彻,仄,丑杻杽
1931,知,仄,肘疛扭
1932,晓,仄,朽殠
1933,见,仄,久九玖灸韭
1934,书,仄,首手守
1935,昌,仄,丑魗
1936,从,仄,湫愀
1937,并,仄,妇蛗负萯蝜阜偩  菩
1938,帮,仄,缶缹否不鴀痞殕
1939,溪,仄,糗
1940,日,仄,蹂楺煣輮沑禸葇韖粈
1941,群,仄,舅倃臼齨麔咎
1942,澄,仄,纣鲖葤棸
1943,以,仄,酉丣诱羗牖卣槱 莠羑庮蜏琇梄輶 湵
1944,常,仄,受寿璹绶
1945,心,仄,滫糔醙
1946,影,仄,懮
1947,精,仄,酒
1948,生,仄,溲
1949,章,仄,帚箒鯞晭
1950,滂,仄,紑
1951,庄,仄,掫搊
1952,崇,仄,
1953,初,仄,
1954,滂,仄,秠
1955,匣,仄,厚垕后后郈
1956,明,仄,母牡某拇胟亩畮畞莽踇鹉
1957,并,仄,部培犃瓿篰蔀婄
1958,端,仄,斗枓蚪阧陡抖襡
1959,透,仄,飳妵黈蘣斢钭
1960,见,仄,苟玽狗垢笱耇诟枸茩岣豿
1961,疑,仄,藕蕅偶耦髃
1962,帮,仄,掊
1963,泥,仄,陾啂
1964,心,仄,叜叟傁嗾瞍謏擞薮籔廀廋棷駷操
1965,晓,仄,吼吽呴蚼
1966,滂,仄,剖婄蔀
1967,影,仄,欧呕殴塸
1968,来,仄,塿喽篓甊嵝謱溇
1969,精,仄,走
1970,溪,仄,口扣扣叩竘
1971,定,仄,揄襡
1972,崇,仄,鲰
1973,清,仄,趣取棷
1974,影,仄,黝怮蚴泑眑
1975,见,仄,纠赳朻阄
1976,群,仄,蟉
1977,清,仄,寢寝梫锓
1978,澄,仄,朕 鰧螣栚顩
1979,溪,仄,坅
1980,来,仄,廪廪懔懔菻凛凛顲癛癝
1981,心,仄,罧伈
1982,彻,仄,踸鍖
1983,精,仄,
1984,日,仄,荏饪餁稔栠恁袵棯銋腍
1985,章,仄,枕
1986,书,仄,沉邥宷审瞫谂魫淰
1987,船,仄,葚
1988,常,仄,甚訦
1989,昌,仄,沈
1990,初,仄,墋醦碜
1991,娘,仄,拰
1992,群,仄,噤凚唫
1993,见,仄,锦
1994,从,仄,蕈
1995,疑,仄,僸趛
1996,生,仄,瘮槮
1997,帮,仄,禀禀
1998,影,仄,饮
1999,滂,仄,品
2000,溪,仄,顉
2001,晓,仄,廞
2002,知,仄,戡
2003,以,仄,潭
2004,崇,仄,
2005,见,仄,感鱤灏贑赣赣
2006,定,仄,禫霮黮窞髧萏倓醰嘾贉谭
2007,影,仄,暗黭揞唵隌罯黤
2008,泥,仄,腩湳揇萳
2009,透,仄,襑 醓嗿黮
2010,从,仄,歜
2011,清,仄,惨憯朁黲傪噆
2012,疑,仄,顉嵁
2013,精,仄,昝寁撍
2014,心,仄,糂糁糣槮
2015,溪,仄,坎歁惂輡錎轗坎顑竷臽
2016,匣,仄,颔颌 撼淹菡欿蜭涵肣莟顄
2017,来,仄,壈燣燷浨醂顲漤
2018,端,仄,黕眈 衴瓭抌
2019,晓,仄,
2020,见,仄,敢橄澉
2021,书,仄,
2022,来,仄,览爁擥揽榄罱
2023,透,仄,菼緂毯裧
2024,端,仄,胆紞黵
2025,定,仄,啖啖啖澹淡憺惔
2026,清,仄,黲
2027,明,仄,
2028,精,仄,
2029,从,仄,椠錾嵌
2030,晓,仄,喊嚂
2031,影,仄,埯掩
2032,溪,仄,
2033,以,仄,琰剡棪焰淡扊淹夵
2034,来,仄,敛捡莶蔹潋潋猃溓嬚羷
2035,晓,仄,险猃玁譣憸崄
2036,帮,仄,贬
2037,章,仄,飐
2038,溪,仄,嵰
2039,疑,仄,顩广嬐崄噞
2040,群,仄,俭芡
2041,见,仄,检睑
2042,影,仄,黡檿厌魇厣擪酓
2043,日,仄,冉姌苒染楠媣
2044,书,仄,陕睒闪覢
2045,彻,仄,谄讇
2046,影,仄,奄阉掩掩裺暗渰罨弇 媕
2047,从,仄,渐蔪嚵錾螹椠
2048,清,仄,憸
2049,精,仄,
2050,溪,仄,脥
2051,常,仄,剡
2052,透,仄,忝栝铦悿
2053,泥,仄,淰姌
2054,端,仄,点玷
2055,定,仄,簟扂驔橝
2056,溪,仄,嗛歉慊膁
2057,来,仄,稴溓
2058,匣,仄,鼸
2059,清,仄,憯
2060,见,仄,孂
2061,明,仄,厸
2062,疑,仄,俨广礹曮
2063,溪,仄,欦 
2064,影,仄,埯
2065,匣,仄,豏减喊甉
2066,澄,仄,湛偡
2067,溪,仄,歉撖槏
2068,见,仄,碱鹻减
2069,崇,仄,瀺嶃嵁
2070,来,仄,脸醶
2071,庄,仄,斩
2072,初,仄,
2073,晓,仄,阚欦
2074,生,仄,掺醦
2075,影,仄,黯
2076,晓,仄,喊
2077,娘,仄,淰
2078,彻,仄,旵
2079,匣,仄,槛舰壏滥轞撖
2080,溪,仄,
2081,生,仄,
2082,影,仄,黤
2083,初,仄,醶
2084,晓,仄,豃
2085,崇,仄,巉
2086,并,仄,范范軓笵犯
2087,明,仄,錽
2088,帮,仄,
2089,溪,仄,凵
2090,滂,仄,钒
2091,彻,仄,
2092,心,仄,送松凇
2093,并,仄,凤
2094,见,仄,贡赣 虹羾 
2095,来,仄,弄梇砻  哢
2096,端,仄,涷冻栋湩
2097,溪,仄,控倥悾鞚空
2098,精,仄,糉粽偬 鯼緵
2099,影,仄,瓮瓮瓮齆
2100,清,仄, 謥愡憁
2101,定,仄,洞恫眮絧 峒詷胴恸筒駧同迵戙 
2102,透,仄,痛
2103,澄,仄,仲虫
2104,帮,仄,讽风
2105,溪,仄,焪
2106,明,仄,梦瞢鄸
2107,晓,仄,
2108,明,仄, 幪 霿艨
2109,清,仄,趥
2110,滂,仄,赗
2111,从,仄,
2112,知,仄,中衷
2113,匣,仄,哄烘港??哄 哄  蕻
2114,泥,仄,齈癑
2115,章,仄,众
2116,昌,仄,铳
2117,崇,仄,
2118,晓,仄,烘戆
2119,心,仄,宋
2120,精,仄,综錝
2121,透,仄,统
2122,明,仄,雺
2123,匣,仄,
2124,以,仄,用
2125,邪,仄,颂诵讼吅
2126,并,仄,俸缝捀
2127,群,仄,共
2128,帮,仄,葑封
2129,见,仄,供龏
2130,影,仄,雍灉
2131,知,仄,湩堹諥
2132,精,仄,纵疭
2133,彻,仄,蹱憃
2134,日,仄,
2135,章,仄,种偅
2136,澄,仄,重緟
2137,来,仄,贚躘儱
2138,溪,仄,恐
2139,从,仄,从
2140,娘,仄,
2141,见,仄,绛虹降 洚
2142,匣,仄,巷衖哄  哄闀 
2143,知,仄,戆
2144,澄,仄, 憧 幢撞艟
2145,彻,仄,
2146,崇,仄,漴
2147,滂,仄,肨胖
2148,初,仄,
2149,生,仄,淙
2150,章,仄,置忮伎觯伿
2151,并,仄,避
2152,章,仄,惴
2153,来,仄,詈荔离珕
2154,常,仄,豉鯷
2155,精,仄,积
2156,心,仄,赐澌儩杫
2157,云,仄,为
2158,见,仄,垝攱
2159,滂,仄,帔秛摆
2160,帮,仄,贲佊詖貱陂跛藣
2161,并,仄,髲被鞁旇
2162,来,仄,累
2163,见,仄,寄徛
2164,帮,仄,臂
2165,群,仄,芰骑鬾輢汥
2166,清,仄,刺刾朿莿庛蛓
2167,以,仄,易貤伿
2168,疑,仄,议谊竩义
2169,滂,仄,譬
2170,从,仄,渍眦髊骴 胔
2171,知,仄,智 潪
2172,影,仄,倚輢陭
2173,澄,仄,缒膇槌锤腄甀硾
2174,昌,仄,吹龡
2175,晓,仄,戏嚱
2176,溪,仄,企跂蚑吱
2177,影,仄,缢螠
2178,书,仄,翅翄施馶啻鍦卶翨
2179,生,仄,屣洒襹晒
2180,溪,仄,觖
2181,影,仄,餧萎
2182,疑,仄,伪
2183,晓,仄,毁毁
2184,影,仄,恚
2185,常,仄,睡瑞
2186,见,仄,馶翨
2187,日,仄,
2188,昌,仄,卶
2189,心,仄,瀡
2190,知,仄,娷諈
2191,以,仄,瓗纗贀
2192,娘,仄,诿
2193,见,仄,瞡
2194,庄,仄,
2195,晓,仄,孈
2196,溪,仄,掎
2197,章,仄,至挚贽鸷礩鴲懥
2198,云,仄,位
2199,明,仄,郿媚魅鬽篃蝞嚜煝娓
2200,邪,仄,遂彗隧禭旞璲檖  燧澻鐆鐩穟蔧繸穗韢
2201,精,仄,醉檇
2202,心,仄,邃祟谇粹睟賥譢
2203,来,仄,类泪瓃垒蘱累禷
2204,帮,仄,秘毖閟辔柲铋泌鄪费 粊
2205,群,仄,匮蒉臾馈馈柜樻鞼篑
2206,滂,仄,濞嚊 淠
2207,并,仄,备俻奰糒犕絥鞴韍赑
2208,见,仄,愧愧聭謉騩
2209,生,仄,帅率
2210,溪,仄,喟嘳樻腃䙡尯
2211,晓,仄,豷燹
2212,常,仄,嗜视眎眂
2213,来,仄,利莅莅莅痢
2214,娘,仄,
2215,滂,仄,屁
2216,疑,仄,劓
2217,知,仄,致懫疐踬轾騺懥质駤
2218,溪,仄,弃弃夡蟿
2219,澄,仄,致稚遟迟稺穉治謘
2220,明,仄,寐媢
2221,彻,仄,杘柅誺訵 跮
2222,见,仄,冀兾觊穊骥洎懻
2223,群,仄,臮曁暨鱀洎垍墍塈
2224,群,仄,悸猤痵
2225,清,仄,翠濢臎
2226,日,仄,二弍贰樲髶
2227,精,仄,恣
2228,清,仄,次佽絘
2229,影,仄,懿饐欭鷧撎亄
2230,心,仄,四亖肆柶泗牭貄驷蕼肂
2231,溪,仄,器
2232,见,仄,季瞡
2233,并,仄,鼻比枇坒襣芘
2234,晓,仄,婎睢
2235,帮,仄,痹畀庇 比
2236,从,仄,萃顇悴瘁
2237,定,仄,地墬
2238,晓,仄,齂屓呬
2239,以,仄,肄殔貤勩隶貄
2240,船,仄,示谥谥眎貤
2241,从,仄,自嫉
2242,澄,仄,坠怼锤
2243,昌,仄,出
2244,以,仄,遗蜼瞆
2245,晓,仄,侐
2246,知,仄,轛
2247,昌,仄,痓
2248,书,仄,尸
2249,初,仄,
2250,书,仄,
2251,章,仄,志娡志痣织识
2252,澄,仄,值植治
2253,邪,仄,寺嗣孠飤饲
2254,清,仄,蛓蚝螆
2255,心,仄,笥伺思覗
2256,书,仄,试弑帜僿
2257,庄,仄,胾椔事剚倳鶅
2258,来,仄,吏
2259,从,仄,字牸孳茡芓孖
2260,彻,仄,眙佁誺
2261,日,仄,饵珥衈毦咡刵佴誀洱眲
2262,生,仄,驶使
2263,初,仄,厕
2264,以,仄,异异潩食巳已廙
2265,知,仄,置
2266,常,仄,侍莳秲
2267,崇,仄,事
2268,群,仄,忌邔惎 鱀鵋誋諅梞帺
2269,昌,仄,炽饎糦帜哆埴
2270,影,仄,意鷾亄 
2271,见,仄,记
2272,晓,仄,憙嬉
2273,疑,仄,豙譺儗
2274,溪,仄,亟唭
2275,明,仄,未味菋沬鮇
2276,见,仄,贵瞆
2277,云,仄,胃谓媦纬彚汇猬渭煟緭围
2278,疑,仄,魏犩
2279,帮,仄,沸痱芾茀诽鲱
2280,滂,仄,费佛靅昲
2281,溪,仄,䙡
2282,影,仄,尉熨慰畏罻犚蔚螱褽鳚
2283,晓,仄,讳卉芔泋
2284,并,仄,狒腓怫菲屝蜚翡萉痱费蜰蟦
2285,见,仄,旣既曁暨禨漑溉旡蔇
2286,疑,仄,毅豙藙顡
2287,溪,仄,气炁气 盵
2288,晓,仄,欷唏墍塈忾气饩鎎熂黖霼摡犔忥
2289,群,仄,几
2290,影,仄,衣
2291,疑,仄,御驭语
2292,来,仄,虑勴鑢櫖
2293,见,仄,据锯倨踞椐鐻澽豦
2294,清,仄,觑觑刞坥蜡
2295,溪,仄,仄麮呿鼁胠
2296,常,仄,署薯薯曙
2297,书,仄,恕庶樜
2298,知,仄,着箸
2299,章,仄,翥庶
2300,生,仄,疏踈疎捒
2301,影,仄,饫瘀邬醧淤烟棜
2302,澄,仄,箸筯除
2303,群,仄,遽勮讵醵澽
2304,心,仄,絮
2305,崇,仄,助锄麆
2306,精,仄,怚沮
2307,庄,仄,诅阻
2308,日,仄,洳茹如
2309,以,仄,豫预誉礜舆鸒藇蓣穥忬欤悇与滪
2310,晓,仄,嘘嘘
2311,娘,仄,女絮
2312,初,仄,楚儊
2313,昌,仄,处
2314,彻,仄,絮悇
2315,邪,仄,
2316,疑,仄,遇寓庽媀禺
2317,影,仄,妪蓲饇
2318,常,仄,树澍尌
2319,澄,仄,住牏逗
2320,并,仄,附坿祔赙驸鲋蚹跗胕
2321,章,仄,注疰罜铸馵注炷澍霔蛀
2322,见,仄,屦句蒟絇瞿怐邭
2323,晓,仄,昫煦酗呴姁
2324,书,仄,戍腧输隃
2325,以,仄,裕觎谕喻吁
2326,日,仄,孺擩
2327,滂,仄,赴豧簠讣仆婏
2328,明,仄,务婺雾霚骛蝥嵍敄鹜
2329,精,仄,緅足
2330,群,仄,惧具埧臞
2331,云,仄,芋雨羽吁
2332,从,仄,埾聚
2333,生,仄,捒数
2334,帮,仄,付赋傅陚搏
2335,清,仄,娶趣
2336,知,仄,注鉒驻軴住壴咮亍
2337,溪,仄,驱
2338,初,仄,菆
2339,彻,仄,
2340,心,仄,尠
2341,来,仄,屡
2342,明,仄,暮慕募墓慔
2343,定,仄,渡斁镀度
2344,来,仄,路露潞辂鹭璐赂簬簵虂
2345,端,仄,妒妒秅秺姹蠹螙殬 斁
2346,透,仄,菟兔吐鵵
2347,见,仄,顾頋雇稒故酤沽痼固锢鲴棝凅
2348,疑,仄,误悮寤忤啎迕遻晤悟逜窹捂娱
2349,匣,仄,护瓠婟頀互濩冱枑韄鱯擭
2350,心,仄,诉愬溯遡素傃嗉膆塑塐
2351,从,仄,祚胙阼飵 秨
2352,泥,仄,笯怒
2353,帮,仄,布圃布抪
2354,影,仄,污恶恶
2355,滂,仄,怖悑铺誧
2356,清,仄,厝措醋错
2357,溪,仄,绔袴库胯苦跨
2358,并,仄,捕哺步鞴餔鮬鵏荹
2359,晓,仄,謼戽
2360,精,仄,作
2361,精,仄,霁隮跻济挤穧
2362,端,仄,帝谛嚏啑柢蒂螮蝃摕疐骶僀偙腣趆蝭渧
2363,从,仄,哜剂穧眦齐齌癠懠
2364,透,仄,替暜鬀剃戻 揥涕洟屉达薙殢
2365,定,仄,第弟遰髢鬀缔睇悌娣禘軑釱鷤棣杕踶题递貄摕慸鯷墆逮
2366,清,仄,砌切妻摖
2367,心,仄,细些栖壻
2368,疑,仄,诣羿睨栺盻甈堄霓
2369,见,仄,计系继系蓟髻檕檵蘻轚
2370,匣,仄,蒵系妎禊系瘛慀盻稧
2371,溪,仄,契栔罊蟿
2372,影,仄,翳曀枍瘱殪瞖医嫕蘙缢豷繄殹
2373,明,仄,谜
2374,帮,仄,闭閇嬖箅
2375,匣,仄,慧憓潓惠蟪蕙橞繐儶譓鏸
2376,见,仄,桂昋炅炔筀罣 
2377,晓,仄,嘒嚖暳
2378,滂,仄,媲睥渒濞
2379,并,仄,薜
2380,来,仄,丽戾隶隶俪盭綟劙唳蜧沴荔捩欐莅悷栛丽蜦珕离
2381,彻,仄,
2382,泥,仄,泥埿迡泞
2383,晓,仄,殢
2384,精,仄,祭际穄鰶穧
2385,心,仄,岁櫘繐
2386,云,仄,卫卫軎轊璏槥彗讏讆熭
2387,日,仄,芮汭枘蜹蚋  笍钠
2388,章,仄,赘
2389,生,仄,
2390,清,仄,毳韢脃膬脆帨竁
2391,以,仄,锐銴睿睿蜹
2392,知,仄,缀醊畷笍啜餟腏錣卂辍
2393,书,仄,税说裞蜕帨涗
2394,并,仄,弊毙币敝
2395,初,仄,竁毳
2396,邪,仄,篲鏏彗槥軎轊
2397,帮,仄,蔽鄨鷩别
2398,见,仄,刿鳜蹶
2399,明,仄,袂
2400,生,仄,铩蔱
2401,昌,仄,掣瘛懘痸銐
2402,章,仄,制浙制晢狾  迣
2403,常,仄,逝忕噬誓筮 澨銴遾
2404,以,仄,曳裔勩泄泄枻詍靾跇⺁袣抴丿呭
2405,影,仄,瘗餲
2406,疑,仄,艺埶蓺寱呓槸褹
2407,澄,仄,滞彘蹛銐璏
2408,来,仄,例厉砺励禲疠鮤濿砅蛎蠇櫔粝巁犡栵洌
2409,溪,仄,憩愒揭甈
2410,书,仄,丗世势贳
2411,见,仄,猘罽瀱讦彐蘮
2412,知,仄,
2413,群,仄,偈
2414,常,仄,啜
2415,彻,仄,跇傺慸揥
2416,澄,仄,
2417,疑,仄,
2418,精,仄,蕝
2419,滂,仄,潎
2420,溪,仄,
2421,晓,仄,
2422,透,仄,泰忕太汰
2423,见,仄,盖匃匄丐
2424,疑,仄,艾鴱
2425,影,仄,蔼壒馤霭暧
2426,泥,仄,柰奈渿
2427,定,仄,大汏軑釱忕
2428,匣,仄,害夆妎
2429,端,仄,带跺蹛艜
2430,帮,仄,贝沛钡芾狈伂茷
2431,滂,仄,霈浿沛
2432,匣,仄,会 禬绘
2433,定,仄,兊兑綐锐
2434,见,仄,侩脍鲙襘禬桧旝巜浍郐廥鬠刽会狯
2435,精,仄,最
2436,晓,仄,哕翙鐬涣濊
2437,溪,仄,
2438,来,仄,酹頪
2439,疑,仄,外
2440,端,仄,祋
2441,影,仄,懀濊荟嬒
2442,从,仄,蕞
2443,心,仄,
2444,清,仄,襊
2445,并,仄,旆軷
2446,溪,仄,磕辖愒溘
2447,清,仄,蔡
2448,来,仄,赖籁癞濑粝藾犡鵣
2449,晓,仄,餀
2450,透,仄,娧蜕駾毻裞
2451,明,仄,眜沫
2452,清,仄,
2453,见,仄,卦挂挂诖罣
2454,见,仄,懈解繲廨薢賹
2455,影,仄,隘阸 賹
2456,匣,仄,邂解
2457,明,仄,卖
2458,匣,仄,画诖罣絓澅黊繣纗孈
2459,初,仄,差瘥衩杈訍
2460,疑,仄,睚
2461,晓,仄,謑
2462,帮,仄,
2463,并,仄,粺稗杷
2464,崇,仄,眦
2465,滂,仄,派汖
2466,庄,仄,债
2467,溪,仄,
2468,生,仄,晒汛洒
2469,晓,仄,諣
2470,帮,仄,
2471,知,仄,膪
2472,见,仄,怪恠坏
2473,影,仄,噫呃
2474,庄,仄,瘵祭
2475,见,仄,诫戒界介届疥玠砎魪尬价悈艐芥衸丯
2476,娘,仄,褹
2477,晓,仄,譮欸齂噧
2478,匣,仄,械薤齘瀣韰衸
2479,疑,仄,譺
2480,溪,仄,蒯喟嬇欳篑嘳蒉墤
2481,帮,仄,拜扒
2482,滂,仄,湃浿
2483,匣,仄,坏蘾
2484,疑,仄,聩
2485,并,仄,惫韛棑
2486,明,仄, 韎
2487,晓,仄,躛躗咶
2488,生,仄,铩杀閷
2489,溪,仄,烗劾揩
2490,彻,仄,顡
2491,见,仄,夬狯
2492,溪,仄,快哙駃璯
2493,明,仄,迈劢佅
2494,匣,仄,话
2495,并,仄,败呗
2496,影,仄,懀
2497,初,仄,嘬
2498,见,仄,犗
2499,彻,仄,虿慸
2500,影,仄,喝餲嗄咳
2501,生,仄,
2502,澄,仄,
2503,晓,仄,
2504,晓,仄,咶
2505,帮,仄,败
2506,清,仄,啐
2507,崇,仄,寨寨
2508,匣,仄,
2509,定,仄,队薱憝憞譈镦錞濧
2510,并,仄,佩珮孛鄁邶偝悖悖背 苝
2511,明,仄,妹昧眛每痗瑁霉莓脢
2512,滂,仄,配昢 妃嶏
2513,晓,仄,诲悔晦靧頮秏痗詯
2514,端,仄,对碓轛
2515,清,仄,倅淬淬啐
2516,精,仄,晬祽綷捘
2517,影,仄,隈
2518,透,仄,退
2519,见,仄,愦帼刏慖簂蔮
2520,匣,仄,溃回缋嬇殨阓螝詯膭僓
2521,溪,仄,块凷堁
2522,心,仄,碎谇啐繀
2523,泥,仄,内
2524,来,仄,颣耒儽攂酹蘱礧銇錑
2525,帮,仄,背辈悖
2526,疑,仄,硙
2527,匣,仄,蚚
2528,定,仄,代岱黛黱逮埭帒袋甙酨瑇叇
2529,精,仄,载再縡 
2530,明,仄,脄
2531,心,仄,赛簺塞
2532,透,仄,贷儓态曃
2533,见,仄,漑溉槩槪概摡
2534,溪,仄,慨忾咳铠闿慨
2535,疑,仄,碍硋阂儗懝
2536,影,仄,爱暧僾叆薆瑷
2537,匣,仄,瀣劾
2538,泥,仄,耐螚鼐能佴耏
2539,端,仄,戴
2540,来,仄,赉莱睐徕勑誺逨
2541,清,仄,菜采棌
2542,从,仄,载裁才在酨栽
2543,晓,仄,儗
2544,帮,仄,废癈橃祓砩
2545,滂,仄,肺杮
2546,影,仄,秽薉濊獩饖
2547,并,仄,吠茷鼣
2548,晓,仄,喙餯顪
2549,群,仄,
2550,疑,仄,刈乂艾
2551,章,仄,震振赈娠侲挋袗
2552,心,仄,信讯訙迅囟顖卂汛奞阠
2553,日,仄,刃认肕韧仞轫牣杒訒
2554,以,仄,胤酳靷引朄濥洕鈏
2555,来,仄,遴吝悋磷閵粦燐蔺轥辚亃麐瞵橉鏻甐疄撛粼 躙
2556,帮,仄,傧摈殡鬓覕
2557,澄,仄,敶陈阵诊
2558,常,仄,愼慎昚慎蜃
2559,书,仄,眒阠抻
2560,溪,仄,菣臤
2561,邪,仄,賮烬荩濜璶
2562,疑,仄,慭憗猌垽
2563,精,仄,晋搢缙进枃瑨琎
2564,晓,仄,衅衅 舋
2565,知,仄,鎭镇瑱塡填
2566,群,仄,仅觐殣瑾馑廑瘽墐歏
2567,初,仄,榇瀙嚫衬儭龀
2568,影,仄,印鮣
2569,彻,仄,疢趁
2570,滂,仄,汖  
2571,清,仄,亲寴儭瀙
2572,溪,仄,螼
2573,见,仄,呁
2574,章,仄,稕谆盹訰
2575,心,仄,峻浚浚陖埈迅鵕奞晙迿
2576,邪,仄,殉徇侚
2577,精,仄,俊俊晙餕畯骏寯焌
2578,书,仄,舜蕣瞬瞚眴鬊
2579,日,仄,閠闰润
2580,船,仄,顺揗
2581,明,仄,问璺絻汶紊闻莬脕抆鼤娩
2582,云,仄,运晕餫韗郓貟员忶鹍韵緷
2583,晓,仄,训爋臐薰鐼
2584,滂,仄,湓忿魵瀵
2585,帮,仄,粪拼偾奋瀵
2586,影,仄,酝愠緼蕰蕴
2587,见,仄,攈捃皲
2588,群,仄,郡
2589,并,仄,分秎坋
2590,晓,仄,焮炘庍脪
2591,见,仄,靳斤劤
2592,群,仄,近
2593,影,仄,懚隐檼
2594,疑,仄,垽
2595,疑,仄,愿 傆愿
2596,影,仄,怨
2597,帮,仄,贩畈
2598,溪,仄,券劵絭劝虇绻韏
2599,明,仄,万万挽蔓曼蟃鳗娩獌贎脕鬗
2600,并,仄,饭閞
2601,滂,仄,嬔婏奿 汳
2602,见,仄,建旔
2603,影,仄,堰鄢郾傿褗漹嫣
2604,晓,仄,献宪瀗
2605,晓,仄,楥楦韗
2606,群,仄,健腱
2607,滂,仄,
2608,云,仄,远
2609,疑,仄,鬳
2610,群,仄,圈
2611,见,仄, 絭
2612,匣,仄,慁溷俒圂
2613,端,仄,顿扽敦
2614,心,仄,巽顨 潠逊愻
2615,溪,仄,困涃
2616,泥,仄,嫩媆腝抐
2617,影,仄,揾
2618,明,仄,闷懑
2619,从,仄,鐏臶栫鳟
2620,见,仄,睔睴琯璭謴
2621,滂,仄,喷歕湓
2622,定,仄,钝遁遁鶨
2623,清,仄,寸
2624,并,仄,坌
2625,疑,仄,顐诨
2626,来,仄,论溣碖
2627,帮,仄,奔
2628,晓,仄,惛
2629,精,仄,焌捘
2630,匣,仄,恨
2631,见,仄,艮茛珢詪
2632,疑,仄,
2633,影,仄,
2634,匣,仄,翰捍捍鼾螒垾豻钎汗悍瀚闬駻雗馯忓矸 
2635,透,仄,炭叹叹湠
2636,影,仄,按案洝晏荌
2637,端,仄,旦疸鴠觛狚笪
2638,定,仄,惮弹澶僤但掸
2639,见,仄,旰干倝干杆盰骭矸
2640,疑,仄,岸犴豻顸喭
2641,溪,仄,侃偘靬看衎
2642,晓,仄,汉暵熯罕厂
2643,来,仄,烂爤澜糷镧谰
2644,泥,仄,摊滩难
2645,清,仄,粲灿璨薒
2646,心,仄,伞散帴
2647,精,仄,赞赞讃赞鄼酂饡趱濽灒 襸攅攒
2648,从,仄,穳囋
2649,匣,仄,换逭肒垸漶
2650,精,仄,鑚
2651,影,仄,惋腕 捥睕琬
2652,见,仄,贯矔祼馆馆瓘罐痯灌雚鹳樌鏆欢錧爟遦冠观涫悹悺盥棺毋婠
2653,清,仄,窜鑹爨殩
2654,疑,仄,玩貦翫妧忨
2655,定,仄,段椴
2656,来,仄,乱灓
2657,端,仄,锻腶碫断断瑖踹
2658,透,仄,彖褖貒湪
2659,晓,仄,唤嚾焕奂涣喛
2660,心,仄,筭算蒜笇祘
2661,明,仄,缦幔漫 獌墁镘谩
2662,帮,仄,半绊靽姅
2663,滂,仄,判泮頖沜胖姅冸牉
2664,并,仄,叛畔伴
2665,泥,仄,偄愞稬渜
2666,从,仄,攅攒
2667,溪,仄,
2668,见,仄,谏涧礀磵鐗锏
2669,疑,仄,雁鳫雁赝赝偐
2670,影,仄,晏騴鴳鷃
2671,生,仄,讪汕狦疝栅
2672,匣,仄,骭娨
2673,明,仄,慢嫚谩缦
2674,影,仄,绾贃
2675,匣,仄,患 擐宦轘豢槵缳
2676,见,仄,惯丱掼倌串矔
2677,生,仄,孪涮
2678,初,仄,篡
2679,疑,仄,薍
2680,崇,仄,輚栈虥
2681,滂,仄,襻
2682,娘,仄,奻
2683,初,仄,羼铲
2684,彻,仄,
2685,见,仄,裥裥闲间覵覸
2686,匣,仄,苋藖粯
2687,并,仄,瓣辨办釆
2688,滂,仄,盼盻
2689,匣,仄,幻
269??0,明,仄,蔄
269??1,知,仄,袒绽
269??2,帮,仄,扮
269??3,见,仄,鳏
269??4,心,仄,霰先汛軐
269??5,清,仄,茜茜輤綪倩芊棈篟
269??6,晓,仄,绚弦夐眴駽讂
269??7,匣,仄,县寰袨眩炫炫贙迿姰玹眴
269??8,见,仄,睊讂瓹罥懁狷狷
269??9,定,仄,电殿奠畋淀淀甸佃钿阗涏靛塡填窴壂 
2700,透,仄,瑱滇睼
2701,来,仄,练链拣楝鰊僆萰堜湅
2702,见,仄,见鋻
2703,泥,仄,晛
2704,溪,仄,俔牵菣蚬涀汧
2705,匣,仄,见现涀
2706,疑,仄,砚研豜趼
2707,影,仄,宴驠燕燕醼燕嬿咽咽溎酀
2708,精,仄,荐
2709,明,仄,面面瞑眄
2710,滂,仄,片
2711,从,仄,荐洊臶栫瀳袸
2712,影,仄,裫噮肙
2713,端,仄,殿念
2714,晓,仄,韅
2715,心,仄,线线惗鲜
2716,章,仄,战颤
2717,常,仄,缮鄯擅膳膳僐禅单嬗
2718,疑,仄,彦唁喭甗谚这
2719,溪,仄,谴遣晵缱
2720,见,仄,绢狷鄄
2721,云,仄,瑗援媛褑院
2722,明,仄,面偭
2723,昌,仄,钏竁穿諯
2724,以,仄,掾縁缘 
2725,知,仄,袒
2726,日,仄,
2727,精,仄,箭鬋葥湔籛溅煎
2728,昌,仄,硟
2729,书,仄,扇煽傓
2730,影,仄,躽堰
2731,见,仄,眷眷卷弮卷桊帣絭犈觠飬灷勬
2732,群,仄,倦韏襈
2733,来,仄,恋灓娈
2734,彻,仄,猭鶨
2735,帮,仄,变
2736,生,仄,孪
2737,清,仄,縓諯
2738,并,仄,卞拼抃弁覍汴閞昪匥笲忭
2739,邪,仄,旋縼旋嫙
2740,心,仄,选繏渲
2741,崇,仄,籑馔襈僎撰 
2742,庄,仄,孨
2743,澄,仄,传
2744,从,仄,贱諓饯
2745,邪,仄,羡羡
2746,滂,仄,騗偏
2747,常,仄,叀
2748,娘,仄,辗碾
2749,知,仄,啭传转
2750,以,仄,衍莚羡羡狿延涎
2751,并,仄,便
2752,澄,仄,邅缠
2753,来,仄,摙
2754,溪,仄, 絭
2755,章,仄,剸
2756,帮,仄,遍遍
2757,心,仄,啸歗熽
2758,透,仄,粜粜眺眺趒咷俯窱鋽絩
2759,端,仄,吊伄瘹钓窎茑
2760,见,仄,叫訆徼譥激噭嘂獥 鸄
2761,泥,仄,尿
2762,定,仄,藋铫掉调莜嬥
2763,溪,仄,窍
2764,来,仄,尥嫽料嘹镣璙炓
2765,疑,仄,顤獟浇 嘄
2766,影,仄,窔
2767,晓,仄, 娆娎
2768,心,仄,笑肖韒鞘
2769,章,仄,照炤诏
2770,以,仄,耀鹞摇覞耀曜筄趭鷣艞讑
2771,影,仄,要葽约
2772,澄,仄,召
2773,常,仄,邵召劭卲
2774,群,仄,峤轿
2775,滂,仄,剽彯漂僄翲勡摽嫖慓
2776,从,仄,噍诮劁趭
2777,明,仄,妙玅篎
2778,清,仄,陗峭篍哨俏帩
2779,来,仄,尞燎疗熮膫鹩
2780,溪,仄,趬譑
2781,疑,仄,
2782,精,仄,醮釂皭潐爝僬趭
2783,明,仄,庙庿
2784,并,仄,骠
2785,书,仄,少烧
2786,彻,仄,朓
2787,帮,仄,裱俵
2788,群,仄,翘
2789,日,仄,饶绕
2790,匣,仄,效效校斆斅效詨
2791,见,仄,敎教窖校铰酵觉胶较珓
2792,晓,仄,孝哮涍嗃詨
2793,知,仄,罩鵫
2794,帮,仄,豹爆
2795,溪,仄,敲礉巧
2796,明,仄,皃貌緢
2797,滂,仄,奅窌炮抛疱礮礟炮
2798,彻,仄,趠踔
2799,生,仄,稍潲揱娋
2800,澄,仄,棹棹濯
2801,娘,仄,桡淖 闹閙
2802,庄,仄,抓癄笊
2803,并,仄,靤疱鞄刨骲
2804,初,仄,抄钞绉耖仯觘罺
2805,影,仄,靿袎箹軪
2806,疑,仄,乐硗
2807,崇,仄,巢
2808,匣,仄,号号
2809,定,仄,导翿纛悼蹈盗焘帱俦
2810,端,仄,到祷倒菿
2811,见,仄,诰郜告缟膏烄
2812,疑,仄,傲嫯鏊骜奡謷聱
2813,明,仄,冃帽耄芼眊瑁冒旄毛媢覒
2814,来,仄,嫪涝潦劳僗髝痨
2815,清,仄,操造艁慥糙鄵
2816,并,仄,暴 曓  虣曝瀑勽菢袌
2817,帮,仄,报
2818,从,仄,漕
2819,影,仄,奥懊隩燠镺墺澳
2820,心,仄,喿噪噪瘙髞埽扫
2821,溪,仄,犒稾靠
2822,精,仄,灶躁趮
2823,晓,仄,秏耗好藃
2824,泥,仄,腝脑
2825,见,仄,箇个个
2826,匣,仄,贺袔
2827,精,仄,佐左袏作
2828,端,仄,跺瘅痑哆
2829,来,仄,逻
2830,溪,仄,坷轲蚵艐
2831,疑,仄,饿
2832,定,仄,驮駄大
2833,泥,仄,奈那
2834,心,仄,些
2835,晓,仄,呵
2836,透,仄,拖
2837,见,仄,过裹鐹划
2838,匣,仄,和盉俰
2839,精,仄,挫侳
2840,溪,仄,课堁髁科
2841,透,仄,唾涶毻蜕嫷毤
2842,帮,仄,播簸番譒
2843,清,仄,剉莝锉
2844,明,仄,磨塺摩
2845,泥,仄,愞堧稬
2846,滂,仄,破颇
2847,从,仄,座坐
2848,疑,仄,卧
2849,清,仄,諎
2850,晓,仄,货
2851,定,仄,惰媠
2852,并,仄,缚
2853,来,仄,摞
2854,端,仄,桗刴挅
2855,清,仄,磋
2856,心,仄,
2857,影,仄,侉
2858,影,仄,涴
2859,明,仄,禡杩鬕骂傌
2860,见,仄,驾稼嫁瘕架椵 价假幏贾
2861,影,仄,亚俹稏哑娅襾
2862,晓,仄,吓罅唬謑煆
2863,疑,仄,迓讶犽齖桠砑
2864,彻,仄,诧侘
2865,知,仄,吒咤姹灹哆奓膪
2866,庄,仄,诈溠咋笮醡榨
2867,崇,仄,乍蜡齰
2868,邪,仄,谢榭
2869,溪,仄,髂疴
2870,匣,仄,暇夏下苄
2871,从,仄,褯借躤
2872,以,仄,夜射
2873,昌,仄,斥
2874,心,仄,蝑卸泻
2875,章,仄,柘樜鹧蟅嗻炙蔗
2876,精,仄,唶借
2877,书,仄,舎舍赦涻厍
2878,船,仄,射麝贳
2879,帮,仄,霸弝欛靶灞垻
2880,滂,仄,帊怕
2881,匣,仄,摦崋华桦鳠檴
2882,晓,仄,化匕諣杹
2883,溪,仄,跨胯
2884,生,仄,誜傻
2885,并,仄,杷跁
2886,泥,仄,絮
2887,清,仄,笡
2888,生,仄,嗄沙
2889,见,仄,坬
2890,澄,仄,
2891,疑,仄,瓦
2892,影,仄,攨窊
2893,以,仄,漾恙羕扬炀样 养眻諹瀁
2894,来,仄,亮谅掠悢緉两辆踉量哴凉
2895,崇,仄,状
2896,日,仄,让欀攘懹
2897,书,仄,饷伤向蟓曏慯饷蠰珦
2898,知,仄,帐胀痮涨张
2899,彻,仄,怅畅鬯韔昶
2900,晓,仄,向珦曏蚃萫向
2901,澄,仄,仗长瓺
2902,娘,仄,酿
2903,从,仄,匠
2904,章,仄,障墇嶂瘴
2905,常,仄,尚仄丄偿
2906,庄,仄,壮装
2907,影,仄,怏詇
2908,群,仄,弶
2909,昌,仄,唱厂倡
2910,初,仄,刱剏创怆凔
2911,精,仄,酱将
2912,疑,仄,仰
2913,滂,仄,访妨邡
2914,明,仄,妄望望忘汒
2915,晓,仄,况况贶
2916,见,仄,诳俇 臦
2917,云,仄,迋旺暀王
2918,帮,仄,放舫趽
2919,心,仄,相
2920,见,仄,强
2921,溪,仄,唴羻
2922,清,仄,蹡
2923,群,仄,狂诓
2924,并,仄,防
2925,定,仄,宕踼砀逿嵣
2926,来,仄,浪阆埌蒗
2927,匣,仄,吭行笐
2928,影,仄,盎醠
2929,疑,仄,枊
2930,精,仄,葬
2931,并,仄,傍彷
2932,从,仄,藏奘
2933,端,仄,譡当瓽当挡闣
2934,溪,仄,抗闶炕犺伉亢蚢砊邟阬颃
2935,帮,仄,螃搒舫谤
2936,透,仄,傥摥汤荡荡鐋
2937,溪,仄,旷爌矌圹纩
2938,泥,仄,儾灢
2939,心,仄,丧
2940,匣,仄,攩扩潢暀
2941,见,仄,桄光
2942,见,仄,钢掆
2943,晓,仄,荒
2944,明,仄,漭吂
2945,影,仄,汪
2946,影,仄,映映賏詇
2947,见,仄,敬竟镜獍
2948,群,仄,竞誩倞檠儆曔
2949,溪,仄,庆
2950,见,仄,更
2951,明,仄,命
2952,并,仄,病评坪枰
2953,明,仄,孟朚盟
2954,匣,仄,蝗横
2955,帮,仄,柄棅怲邴鈵寎
2956,云,仄,咏咏泳禜醟
2957,匣,仄,行绗胻
2958,影,仄,瀴
2959,初,仄,
2960,知,仄,伥趟侦
2961,彻,仄,牚
2962,帮,仄,榜跰
2963,澄,仄,鋥
2964,生,仄,生貹
2965,疑,仄,迎
2966,并,仄,膨
2967,晓,仄,
2968,影,仄,
2969,庄,仄,诤
2970,帮,仄,迸
2971,并,仄,
2972,影,仄,嫈
2973,疑,仄,鞕硬
2974,晓,仄,轰輷
2975,见,仄,劲
2976,清,仄,倩凊
2977,章,仄,政正证鴊
2978,书,仄,圣
2979,澄,仄,郑呈
2980,彻,仄,遉侦
2981,心,仄,性姓
2982,来,仄,令詅
2983,滂,仄,聘娉俜
2984,晓,仄,敻詗醟矎
2985,帮,仄,摒并并
2986,并,仄,偋庰
2987,从,仄,净瀞穽䝼靓请婧
2988,常,仄,盛墭晟
2989,明,仄,詺
2990,溪,仄,轻
2991,晓,仄,
2992,精,仄,精
2993,见,仄,径经径俓桱
2994,泥,仄,寗宁佞泞鸋
2995,心,仄,腥醒睲
2996,匣,仄,胫踁
2997,定,仄,定掟廷锭
2998,端,仄,矴钉订定饤奠顁锭
2999,溪,仄,罄磬殸鑋
3000,透,仄,听汀侹
3001,清,仄,靘掅
3002,明,仄,暝
3003,影,仄,蓥莹滢
3004,来,仄,零令
3005,章,仄,证烝
3006,以,仄,孕剩媵鱦膡
3007,船,仄,乘乘鱦媵嵊剩剰剩
3008,日,仄,认扔芿
3009,影,仄,应譍噟
3010,精,仄,甑
3011,晓,仄,兴臖嬹
3012,书,仄,胜膡蕂榺
3013,澄,仄,瞪
3014,晓,仄,
3015,并,仄,凭靐
3016,昌,仄,称秤
3017,疑,仄,凝
3018,常,仄,丞
3019,彻,仄,覴
3020,群,仄,殑
3021,端,仄,嶝镫隥橙凳磴
3022,从,仄,赠
3023,见,仄,亘堩搄縆
3024,清,仄,蹭
3025,定,仄,邓蹬僜幐
3026,明,仄,懵懜
3027,帮,仄,堋
3028,并,仄,倗
3029,来,仄,倰 踜 
3030,精,仄,增
3031,心,仄,
3032,透,仄,
3033,云,仄,宥又佑右佑酭囿姷忧侑
3034,见,仄,救灸廏廐究疚犹
3035,澄,仄,胄胄酎宙繇籀伷疛駎懤
3036,知,仄,昼咮噣
3037,书,仄,狩兽守首收
3038,昌,仄,臭殠
3039,邪,仄,岫袖牰
3040,晓,仄,齅嘼畜珛
3041,章,仄,呪咒椆祝
3042,群,仄,旧柩匶
3043,生,仄,瘦漱鏉
3044,庄,仄,皱甃绉
3045,滂,仄,副仆覆褔
3046,初,仄,簉
3047,帮,仄,富辐鍑
3048,彻,仄,畜俞
3049,来,仄,溜廖溜嬼鹨馏瘤窌留戮廇畂飂戮翏塯
3050,心,仄,秀绣蜏琇宿
3051,精,仄,僦媨
3052,崇,仄,骤㑳
3053,从,仄,就鹫殧
3054,娘,仄,糅腬猱狃
3055,并,仄,复伏椱 覆复
3056,以,仄,狖貁鼬槱柚蜼褎油犹櫾輶牰蜏
3057,常,仄,授詶寿售绶
3058,日,仄,輮蹂煣鞣
3059,明,仄,莓
3060,疑,仄,
3061,溪,仄,
3062,清,仄,
3063,匣,仄,候鮜鄇逅訽睺后后堠鲎鍭厚
3064,溪,仄,寇滱怐扣簆诟
3065,明,仄,茂贸鄮戊愗袤楙懋瞀姆莓冃雺
3066,滂,仄,仆踣豧
3067,定,仄,豆窦窬逗酘豆脰郖梪饾浢毭
3068,端,仄,斗鬭鬪  闘 噣斣襡
3069,泥,仄,槈鎒耨擩譳
3070,心,仄,瘶嗽欶漱鏉謏嗾
3071,精,仄,奏走
3072,透,仄,透咅
3073,影,仄,沤
3074,见,仄,遘构媾觏姤购雊句軥构怐煹冓
3075,清,仄,辏腠凑嗾蔟楱
3076,来,仄,陋漏镂屚瘘蔄偻
3077,晓,仄,蔻豞诟訽吼佝怐
3078,并,仄,
3079,疑,仄,偶
3080,从,仄,楱
3081,影,仄,幼
3082,明,仄,谬缪
3083,溪,仄,
3084,群,仄,
3085,清,仄,沁吣
3086,精,仄,浸濅祲
3087,日,仄,妊絍鵀任衽
3088,澄,仄,鸩沉
3089,章,仄,枕针
3090,群,仄,噤紟鈙凚笒齽
3091,见,仄,禁僸
3092,娘,仄,赁
3093,影,仄,荫窨喑癊饮
3094,生,仄,渗罧
3095,彻,仄,闯
3096,庄,仄,谮
3097,初,仄,谶
3098,疑,仄,吟
3099,知,仄,揕
3100,来,仄,临
3101,常,仄,甚侺
3102,云,仄,
3103,书,仄,深
3104,溪,仄,勘轗竷磡
3105,见,仄,绀淦赣赣
3106,匣,仄,憾琀浛唅蜭莟
3107,影,仄,暗暗
3108,透,仄,僋撢傝憛誩
3109,心,仄,俕閐
3110,清,仄,謲参
3111,定,仄,醰贉瞫
3112,疑,仄,儑
3113,端,仄,馾帎
3114,泥,仄,妠
3115,来,仄,顲僋 
3116,晓,仄,
3117,精,仄,篸撍
3118,溪,仄,阚瞰嚂
3119,来,仄,滥缆爁懢??嚂
3120,透,仄,賧睒澉舕
3121,见,仄,
3122,晓,仄,蘫
3123,匣,仄,憨譀
3124,定,仄,憺惔澹腅啖淡啖啖倓
3125,从,仄,暂蹔錾
3126,端,仄,担甔
3127,心,仄,三
3128,以,仄,艳豓艶爓焰焱盐滟灧
3129,常,仄,赡
3130,日,仄,染髯
3131,影,仄,厌猒餍嬮
3132,帮,仄,窆砭
3133,疑,仄,验噞
3134,书,仄,闪煔苫掞
3135,精,仄,
3136,清,仄,壍堑椠嬱
3137,来,仄,殓敛潋爁猃
3138,彻,仄,觇
3139,昌,仄,幨襜裧韂
3140,影,仄,俺
3141,从,仄,潜
3142,章,仄,占
3143,透,仄,舚忝煔
3144,泥,仄,念
3145,端,仄,店坫沾痁垫念埝
3146,心,仄,
3147,定,仄,磹
3148,见,仄,趝
3149,影,仄,酓
3150,精,仄,僭
3151,从,仄,
3152,见,仄,兼
3153,溪,仄,傔
3154,来,仄,稴
3155,疑,仄,酽
3156,晓,仄,胁姭
3157,溪,仄,
3158,明,仄,
3159,匣,仄,陷臽錎
3160,影,仄,韽淹揞
3161,庄,仄,蘸
3162,知,仄,站
3163,溪,仄,歉
3164,澄,仄,赚詀譧
3165,崇,仄,儳
3166,见,仄,
3167,娘,仄,諵
3168,疑,仄,顑
3169,见,仄,鉴鉴监
3170,初,仄,忏儳摲嚵
3171,庄,仄,覱
3172,生,仄,钐
3173,晓,仄,譀鬫阚㘚
3174,并,仄,埿湴
3175,匣,仄,
3176,崇,仄,镵欃谗艬
3177,影,仄,
3178,并,仄,梵帆颿
3179,滂,仄,泛泛泛姂
3180,见,仄,劔
3181,溪,仄,欠
3182,影,仄,俺淹裺覎
3183,影,仄,屋剭
3184,定,仄,独黩讟髑殰读椟牍儥贕碡皾襡韣瓄渎豄韇嬻犊罜匵
3185,见,仄,谷糓毂榖瀔谷瑴唂
3186,匣,仄,縠槲斛礐觳蔛焀
3187,溪,仄,哭
3188,透,仄,秃鵚
3189,端,仄,豰啄竺剢
3190,心,仄,速遬蔌餗樕梀藗殐嗽棴涑
3191,来,仄,禄鹿漉渌觻睩龣辘琭簏箓螰麓碌盝騼磟簶谷娽摝廘角甪录泺鏕趢蔍鄜
3192,晓,仄,嗀豰熇嚛
3193,从,仄,族锉凿
3194,清,仄,瘯蔟趗梀簇
3195,精,仄,镞鎐
3196,并,仄,暴曝瀑朴仆菐 穙
3197,滂,仄,扑醭泺墣攴扑骲
3198,帮,仄,卜濮轐朴獛蹼纀襆鳪
3199,明,仄,木沐朷毣鹜霂蓩艒鞪楘蚞
3200,帮,仄,福腹复幅辐葍蝠鍑鶝踾輹菐逼楅
3201,并,仄,伏复虙服茯馥鵩鞴蕧輹澓椱洑箙棴复畐絥菔匐鳆栿
3202,生,仄,缩莤  樎谡蹜摍摵謏
3203,来,仄,六陆戮剹戮稑穋鵱蓼鯥磟淕坴踛戮
3204,澄,仄,逐轴碡妯舳鱁筑蓫柚篴
3205,见,仄,菊鞠蘜掬匊鞫鵴椈巈 諊踘閰泦趜
3206,溪,仄,麴曲鞠
3207,常,仄,熟孰淑塾璹婌
3208,昌,仄,俶柷琡埱
3209,以,仄,育毓鬻粥儥棛錥煜焴昱蒮淯蜟堉喅逳蘛
3210,群,仄,驧趜鵴鞠毱踘
3211,清,仄,鼀蹴殧
3212,日,仄,肉衄鲕
3213,章,仄,粥喌祝柷琡
3214,书,仄,叔倏倐倏透虪鮛掓翛尗菽
3215,晓,仄,蓄稸畜 鄐荲蓫慉
3216,知,仄,竹竺筑筑茿
3217,精,仄,蹙踧噈摵槭殧 縬顣蹴
3218,初,仄,珿矗閦
3219,娘,仄,朒恧忸衄沑
3220,庄,仄,縬
3221,滂,仄,蝮覆蕧副
3222,影,仄,郁戫彧燠栯噢墺薁澳隩稶稢懊
3223,心,仄,肃宿蓿夙 玊鹔蟰骕鱐珟潚橚璛
3224,明,仄,目睦穆苜牧缪萺
3225,云,仄,囿哊
3226,彻,仄,蓄稸滀苖荲蓫敊傗鄐矗
3227,疑,仄,砡
3228,从,仄,
3229,影,仄,沃鋈鲎觷
3230,定,仄,毒蝳瑇纛碡
3231,端,仄,笃竺督錖裻
3232,溪,仄,酷焅喾硞
3233,匣,仄,鹄翯隺頶礐
3234,并,仄,仆瞨鏷轐
3235,心,仄,洬裻
3236,见,仄,梏牿告郜祰
3237,明,仄,瑁媢艒萺
3238,晓,仄,熇臛嚛歊
3239,泥,仄,褥傉耨搙
3240,精,仄,傶錊
3241,帮,仄,襮犦
3242,来,仄,泺
3243,疑,仄,
3244,章,仄,烛属属瞩嘱鸀噣蠾韣蠋
3245,疑,仄,玉狱鳿顼
3246,晓,仄,旭顼勖勖
3247,见,仄,輂絭鋦挶 梮拲
3248,群,仄,局跼駶局
3249,常,仄,蜀韣蠾襩襡属属镯
3250,昌,仄,触粗歜臅
3251,日,仄,辱蓐褥鄏缛溽媷嗕
3252,书,仄,束
3253,以,仄,欲浴鹆 鋊輍欲谷
3254,澄,仄,躅蠋
3255,来,仄,录渌绿醁騄娽菉逯箓碌趢
3256,溪,仄,曲匤
3257,知,仄,瘃孎斸钃欘
3258,精,仄,足哫
3259,船,仄,赎
3260,并,仄,幞襆
3261,清,仄,促誎趗
3262,邪,仄,续俗藚
3263,心,仄,粟憟涑玊
3264,帮,仄,
3265,彻,仄,梀亍豖
3266,见,仄,觉斠角桷较珏瑴榷捔榷梏傕龣
3267,疑,仄,岳岳乐鸑
3268,崇,仄,浞丵鋜灂鷟捔泶篧汋齺簎
3269,庄,仄,捉穛穱斮篧
3270,生,仄,朔欶嗽矟槊蒴数箾揱
3271,知,仄,斲涿诼椓 琢孎卓桌啄斀啅噣倬晫菿
3272,帮,仄,剥駮驳嚗肑爆髉趵
3273,明,仄,邈藐眊皃毣瞀瞐
3274,并,仄,雹跑骲瓝瓟謈犦豰窇 懪
3275,滂,仄,璞朴朴攴墣圤飑鞄謈
3276,溪,仄,壳壳毃悫慤榷确碻觳燩嶨礐塙硞埆
3277,澄,仄,浊擢濯鵫嬥镯欘 鸀蠗鸐
3278,影,仄,渥握偓箹幄楃喔鷽药腛龌媉龏
3279,娘,仄,搦掉搙
3280,彻,仄,逴趠晫踔
3281,来,仄,荦
3282,匣,仄,学确嶨鷽泶觷翯
3283,晓,仄, 豞翯嗀謞瀥滈
3284,初,仄,娖娕擉齱龊
3285,章,仄,质晊郅桎櫍蛭骘劕铚锧懫礩侄
3286,日,仄,日馹衵臸
3287,船,仄,实
3288,澄,仄,秩紩帙袠柣翐姪妷豑
3289,心,仄,悉厀膝蟋僁窸
3290,影,仄,一弌壹
3291,清,仄,七漆柒桼
3292,滂,仄,匹鷝
3293,见,仄,吉趌狤拮郆洁
3294,娘,仄,昵昵衵
3295,以,仄,逸佚佾溢轶镒泆齸 欥
3296,溪,仄,诘蛣趌
3297,晓,仄,欯欪咭恄
3298,彻,仄,抶咥眣跮
3299,来,仄,栗栗溧鷅凓篥麜瑮塛搮
3300,知,仄,窒挃庢厔铚秷螲
3301,从,仄,疾嫉蒺愱槉
3302,初,仄,
3303,书,仄,失室
3304,精,仄,堲唧蝍楖
3305,明,仄,蜜谧榓宓淧
3306,帮,仄,必毕筚荜韠跸滭鷝觱珌熚彃縪鮅饆鏎罼
3307,群,仄,姞佶鲒趌狤
3308,并,仄,邲比柲馝苾佖鮩駜坒飶綼鮅怭泌吡咇妼
3309,云,仄,汨蒁
3310,生,仄,率帅蟀咰
3311,昌,仄,叱
3312,崇,仄,
3313,明,仄,密蔤宓滵沕樒
3314,并,仄,弼弻駜胇邲佖
3315,影,仄,乙鳦亄
3316,疑,仄,耴聉圪
3317,帮,仄,笔潷铋柲泌咇
3318,知,仄,茁
3319,晓,仄,肸肹
3320,见,仄,曁
3321,知,仄,蛭
3322,晓,仄,獝
3323,船,仄,术述秫术沭噊袕潏鱊驈
3324,见,仄,橘繘
3325,从,仄,崒踤谇捽
3326,以,仄,聿鴪燏遹鹬驈繘潏矞霱芛欥 鱊噊銉
3327,精,仄,卒啐
3328,心,仄,恤恤戌訹珬賉銊欰
3329,来,仄,律寽繂膟葎
3330,彻,仄,黜怵炪欪
3331,知,仄,窋绌逫泏
3332,澄,仄,术炢
3333,昌,仄,出
3334,清,仄,焌
3335,庄,仄,
3336,晓,仄, 怴
3337,庄,仄,栉楖瀄擳
3338,生,仄,瑟飋蟋虱虱璱
3339,崇,仄,
3340,明,仄,物勿芴岉伆沕
3341,帮,仄,弗绂黻綍绋芾巿韍不翇柫佛冹帗笰甶
3342,影,仄,郁欝灪爩黦菀尉熨蔚
3343,见,仄,孒厥屈鶌趉
3344,溪,仄,屈诎
3345,群,仄,倔崛堀掘
3346,并,仄,佛怫坲岪咈刜炥
3347,晓,仄,欻烼
3348,云,仄,觱
3349,滂,仄,拂嶏茀祓艴刜乀佛佛
3350,疑,仄,崛
3351,晓,仄,迄仡釳肸忔芞莔汔
3352,见,仄,讫吃扢曁
3353,疑,仄,疙屹圪仡
3354,群,仄,
3355,溪,仄,乞芞契
3356,疑,仄,月刖跀軏抈扤枂钥玥
3357,并,仄,伐筏栰罚阀垡橃瞂拔茷藅坺
3358,云,仄,越粤戉钺樾蚏曰璏熭泧
3359,见,仄,厥氒蹶瘚劂蕨蟨蟩橜欮撅鳜孒孓
3360,影,仄,哕黦
3361,群,仄,鷢橜撅蹷掘赶憠 亅
3362,溪,仄,阙
3363,帮,仄,发发颰冹
3364,明,仄,韤韈袜
3365,晓,仄,泧狘
3366,影,仄,谒阏暍黦
3367,晓,仄,歇蝎蝎猲
3368,见,仄,讦羯揭鍻
3369,群,仄,揭竭碣楬
3370,滂,仄,
3371,疑,仄,钀
3372,明,仄,没没殁殁莈
3373,透,仄,
3374,见,仄,骨縎鹘滑啒淈汩愲蓇尳榾扢
3375,并,仄,勃渤饽馞悖郣浡悖桲孛艴挬脖鹁
3376,端,仄,咄柮
3377,透,仄,宊棁
3378,定,仄,突揬腯鼵葖鶟堗鈯凸鍎
3379,影,仄,腽殟嗢榅揾淴馧
3380,晓,仄,忽昒匫寣笏曶啒惚
3381,疑,仄,兀扤杌屼矹鼿軏刖
3382,滂,仄,昢哱馞
3383,来,仄,硉
3384,溪,仄,窟顝泏矻堀圣胐
3385,泥,仄,讷肭抐
3386,心,仄,窣屑
3387,清,仄,猝卒
3388,从,仄,捽椊崪崒
3389,匣,仄,麧龁纥淈
3390,匣,仄,搰扢抇鹘尳滑
3391,精,仄,卒倅稡
3392,匣,仄,曷褐毼鹖蝎餲骱鞨
3393,晓,仄,喝猲暍
3394,端,仄,怛妲呾炟狚笪靼
3395,透,仄,闼挞跶澾獭  羍达汏噧
3396,影,仄,遏齃頞堨阏胺餲霭咹
3397,来,仄,剌揧辣辣瘌攋粝癞 轹楋蝲
3398,溪,仄,渴嵑磕
3399,定,仄,达薘
3400,从,仄,巀囋囐
3401,疑,仄,嶭屵枿櫱歺顸齾
3402,见,仄,葛獦割匃輵
3403,心,仄,躠萨 摋攃
3404,清,仄,攃礤
3405,泥,仄,捺
3406,明,仄,
3407,明,仄,末昩秣靺韎粖眜抹妺瀎沫袜
3408,疑,仄,枂
3409,从,仄,柮
3410,帮,仄,拨癶袚茇钵盋鱍襏帗驋筏
3411,精,仄,拶
3412,见,仄,括活髺桧栝聒鸹萿适铦佸頢刽葀懖筈
3413,溪,仄,阔蛞筈适
3414,匣,仄,活越鬠佸秳姡
3415,定,仄,夺敓脱挩莌痥鮵
3416,晓,仄,豁奯濊泧眓
3417,影,仄,斡焥捾嬒睕
3418,精,仄,繓撮攥
3419,滂,仄,鏺拨蹳酦泼鱍
3420,透,仄,侻挩脱莌棁
3421,来,仄,捋蛶
3422,端,仄,掇剟鵽腏祋咄裰敠
3423,清,仄,撮襊
3424,并,仄,跋魃軷馛炦颰癹妭犮拔胈钹菝坺茇
3425,匣,仄,黠
3426,庄,仄,札蚻扎扎
3427,并,仄,拔菝
3428,溪,仄,擖劼鬜鬝硈咭
3429,匣,仄,滑猾磆螖鹘
3430,帮,仄,八朳捌扒哵玐釟
3431,知,仄,窡娺鵽聉
3432,影,仄,婠嗢穵嗗
3433,娘,仄,豽貀肭
3434,初,仄,察詧
3435,见,仄,劀鱊
3436,见,仄,戛扴圿秸鴶楔秸骱鞂砎忦嘎袺磍颉
3437,影,仄,轧圠揠嫼猰穵窫
3438,生,仄,杀煞铩帴蔱榝
3439,明,仄,齂睰礣
3440,晓,仄,傄
3441,娘,仄,痆
3442,疑,仄,聉
3443,溪,仄,
3444,滂,仄,汃
3445,庄,仄,茁
3446,匣,仄,鎋辖辖鶷砎縖 
3447,影,仄,呾劜
3448,疑,仄,齾聐
3449,初,仄,刹
3450,溪,仄,楬磍趏
3451,晓,仄,瞎
3452,彻,仄,獭
3453,见,仄,刮鸹劀趏
3454,匣,仄,頢 敌舌姡咶
3455,彻,仄,
3456,知,仄,鵽窡錣
3457,生,仄,刷
3458,疑,仄,刖
3459,初,仄,
3460,明,仄,礣帓帕
3461,娘,仄,妠袦
3462,帮,仄,捌
3463,见,仄,擖猰
3464,崇,仄,耫
3465,知,仄,哳眣
3466,日,仄,
3467,心,仄,屑楔揳 榍糏僁偰
3468,清,仄,切窃柣沏詧
3469,见,仄,结絜洁锲桔袺拮狤魝
3470,精,仄,节 卪疖蝍楶岊幯
3471,晓,仄,血泬疦瞲决坹
3472,溪,仄,阕湀缺
3473,见,仄,玦潏谲诀觼鐍駃芵赽鴂鈌决决觖騤疦蚗趹憰抉
3474,匣,仄,穴坹袕
3475,影,仄,抉妜焆
3476,定,仄,姪侄眣昳胅凸垤耋迭跌绖驖嵽轶瓞咥墆戜苵镻荎恎詄摕泆趃
3477,透,仄,铁銕僣餮飻蛈驖
3478,匣,仄,缬撷颉页龁纥襭絜翓 籺核
3479,泥,仄,涅涅捏圼篞苶菍
3480,从,仄,截岊蠞
3481,疑,仄,啮啮啮霓霓嵲槷臬嶭臲陧陧闑
3482,明,仄,蔑懱蠛篾幭鱴蔑覕 鴓瀎粖
3483,帮,仄,闭
3484,影,仄,噎蠮咽
3485,溪,仄,猰挈契栔锲蛪
3486,晓,仄,撷褉
3487,滂,仄,撆丿瞥嫳鐅暼
3488,并,仄,蹩  瘪咇苾馝飶蛂柲襒
3489,端,仄,窒蛭咥
3490,来,仄,戾捩綟唳盭 夨
3491,心,仄,薛绁緤亵辥泄渫禼卨媟齛暬絬疶
3492,来,仄,列迾蛚鮤烈洌冽裂茢颲鴷栵挒姴
3493,知,仄,哲悊喆嚞蜇
3494,群,仄,杰桀竭碣楬榤揭渴嵥滐櫭偈杰搩
3495,日,仄,热苶
3496,章,仄,晢晣浙折靼
3497,船,仄,舌揲蛥鞨
3498,常,仄,折
3499,疑,仄,孼孽糵糵谳 蠥闑钀櫱蘖
3500,明,仄,灭搣
3501,溪,仄,朅揭藒愒
3502,帮,仄,鷩鳖龞虌鄨憋
3503,从,仄,绝绝
3504,精,仄,蕝
3505,心,仄,雪
3506,彻,仄,
3507,以,仄,悦说阅蜕娧
3508,溪,仄,缺蒛
3509,影,仄,哕
3510,日,仄,爇焫蜹
3511,书,仄,说
3512,章,仄,拙炪梲蝃准  
3513,昌,仄,歠啜
3514,知,仄,辍畷惙餟罬剟醊啜缀掇腏叕蠿
3515,来,仄,劣埒锊脟蛶浖哷
3516,滂,仄,瞥潎憋瘪
3517,并,仄,别别
3518,澄,仄,辙彻撤澈
3519,帮,仄,莂扒别别
3520,生,仄,刷唰
3521,见,仄,孑讦趌揭
3522,书,仄,设蔎
3523,娘,仄,呐
3524,晓,仄,烕吷
3525,影,仄,妜
3526,见,仄,蹶罬
3527,庄,仄,茁
3528,清,仄,膬絟敠
3529,精,仄,蠽尐
3530,生,仄,榝
3531,影,仄,焆
3532,彻,仄,屮撤硩彻聅
3533,晓,仄,娎焎烲
3534,昌,仄,啜
3535,初,仄,
3536,邪,仄,
3537,昌,仄,掣瘛
3538,以,仄,抴拽
3539,崇,仄,
3540,以,仄,药跃礿禴蘥钥瀹爚栎龠敫籥纅鸙
3541,来,仄,略擽掠
3542,见,仄,脚脚蹻却屩
3543,章,仄,灼斫彴勺酌缴焯妁謶犳 禚
3544,书,仄,烁铄獡爚
3545,日,仄,若弱鄀 ??箬蒻楉溺惹叒
3546,昌,仄,绰繛婥磭
3547,影,仄,约药
3548,溪,仄,却却
3549,疑,仄,虐磭疟
3550,常,仄,妁勺汋杓仢芍
3551,彻,仄,婼逴辵蠚
3552,心,仄,削
3553,庄,仄,斮
3554,精,仄,爵 雀爝燋
3555,从,仄,皭嚼爝
3556,清,仄,鹊舄趞碏芍皵踖
3557,群,仄,噱蹻臄醵
3558,影,仄,嬳彠臒
3559,并,仄,缚
3560,晓,仄,矆彏戄
3561,云,仄,籰
3562,见,仄,玃貜钁攫矍彏躩
3563,知,仄,芍着櫡鐯擆
3564,澄,仄,着
3565,溪,仄,躩
3566,群,仄,戄貜
3567,娘,仄,逽蹃
3568,滂,仄,
3569,晓,仄,谑
3570,定,仄,铎剫度踱凙襗喥仛
3571,明,仄,莫幕鄚膜镆摸漠瘼寞瞙嗼塻
3572,来,仄,落络烙洛珞酪乐轹笿硌骆铬馲驝鮥雒跞鵅挌泺袼
3573,透,仄,托袥橐魠箨柝拓馲驝萚侂饦魄沰矺
3574,精,仄,作迮柞糳凿
3575,清,仄,错厝逪剒縒莡
3576,见,仄,各阁格胳袼
3577,溪,仄,恪愙
3578,疑,仄,咢愕鄂谔遌萼锷崿鹗鳄鳄噩腭颚鑩偔堮湂
3579,滂,仄,奤泺粕膊搏胉蒪
3580,影,仄,恶垩蝁
3581,并,仄,泊亳箔薄礴簿鑮踄
3582,晓,仄,鄗壑蠚謞郝鰝熇嗃矐
3583,心,仄,索溹
3584,匣,仄,涸鹤貈貉狢佫
3585,从,仄,昨酢莋怍凿笮笮柞岝 飵秨砟葃鈼
3586,帮,仄,博髆搏爆镈襮鑮博猼欂溥馎
3587,泥,仄,诺
3588,晓,仄,霍靃霩藿矐彉彍攉瀖劐癨
3589,见,仄,郭崞椁椁彉彍埻
3590,影,仄,雘蠖臒鸌嬳
3591,匣,仄,获镬檴濩擭
3592,溪,仄,廓鞟漷籗噋
3593,疑,仄,瓁
3594,来,仄,硦
3595,精,仄,
3596,明,仄,陌帞袹貘蛨貊佰蓦嗼貉洦銆
3597,知,仄,磔虴舴馲嫡杔
3598,并,仄,白帛舶鮊
3599,帮,仄,伯迫敀百柏柏湐
3600,群,仄,剧屐
3601,见,仄,戟撠谻丮
3602,生,仄,索溹
3603,初,仄,栅
3604,匣,仄,嚄
3605,庄,仄,啧迮窄笮諎舴蚱
3606,崇,仄,齚齰咋泎岝
3607,溪,仄,隙却綌
3608,疑,仄,额頟峉詻
3609,疑,仄,逆屰縌
3610,溪,仄,客喀礊揢
3611,影,仄,哑
3612,晓,仄,虩
3613,彻,仄,
3614,影,仄,
3615,滂,仄,拍魄怕皛敀珀洦
3616,晓,仄,赫爀吓
3617,匣,仄,垎楁
3618,见,仄,格茖骼觡鵅挌 蛒铬
3619,晓,仄,謋諕漷砉湱硅
3620,澄,仄,宅择泽翟檡鸅蠌襗
3621,见,仄,虢唬
3622,影,仄,擭濩彠
3623,娘,仄,蹃搦
3624,溪,仄, 
3625,并,仄,欂
3626,明,仄,麦脉脉衇霡霡眽覛
3627,匣,仄,获画婳划鱯彠咟
3628,见,仄,蝈馘聝帼腘埻掴漍慖嘓讗
3629,帮,仄,檗擘薜糪
3630,并,仄,繴欂
3631,崇,仄,赜鰿葃矠耫啧
3632,庄,仄,责箦帻啧謮债嫧咋
3633,崇,仄,
3634,初,仄,策册嫧?矠憡皟拺栅
3635,溪,仄,礊缂罊諽
3636,晓,仄,剨繣划捇掝礊焃湱 
3637,匣,仄,核缴翮核滆
3638,见,仄,隔膈搹鬲槅革諽嗝
3639,知,仄,摘谪棏 厇 矺
3640,影,仄,戹厄扼扼軶轭阸厄豟呝呃貖蚅哑
3641,生,仄,栜摵愬擌 拺索溹 虩
3642,滂,仄,糪
3643,疑,仄,虉鳽
3644,来,仄,礐
3645,庄,仄,
3646,生,仄,
3647,群,仄,
3648,娘,仄,疒眲
3649,心,仄,昔腊惜泻磶舄蕮焟棤
3650,精,仄,积脊蹐借迹迹踖鰿鲫迹襀庴
3651,影,仄,益谥嗌齸膉
3652,以,仄,绎睪亦弈奕帟译怿斁驿峄醳腋掖易液痬蜴埸圛襗射墿  燡
3653,书,仄,释檡适奭郝睗晹螫冟襫
3654,昌,仄,尺赤烾蚇斥郝卤
3655,常,仄,石硕祏鉐鼫
3656,章,仄,只适炙墌摭拓跖跖
3657,澄,仄,掷擿踯蹢潪
3658,清,仄,皵碛刺洓嫧
3659,邪,仄,席夕穸汐席
3660,从,仄,籍踖躤借耤塉瘠庴猎葃膌簎
3661,并,仄,擗椑躃辟辟萆
3662,以,仄,役疫坄垼炈鈠豛
3663,晓,仄,瞁
3664,帮,仄,辟璧鐴躄襞
3665,滂,仄,僻辟癖廦
3666,船,仄,麝射
3667,帮,仄,碧
3668,知,仄,
3669,彻,仄,彳
3670,章,仄,
3671,清,仄,
3672,心,仄,锡析??皙緆 蜥菥淅惁
3673,见,仄,激击墼轚獥 敫鸄
3674,滂,仄,霹劈澼憵癖僻
3675,来,仄,雳郦疬轹镉砾瓅秝枥栎历历苈沥磿寥鬲蒚皪跞历攊觻擽泺
3676,端,仄,的适嫡甋靮镝馰滴肑吊芍菂蹢玓樀扚啇魡 杓
3677,匣,仄,檄觋薂鼳 鸄獥 
3678,疑,仄,鹢鶂艗虉
3679,定,仄,荻狄敌籊翟迪觌笛篴籴籴邮涤蓧 蔋踧樀頔梑  苖卤
3680,透,仄,逖逷倜趯剔 诋 惕摘踢蓨籊悐  
3681,精,仄,绩积樍
3682,溪,仄,燩毄吃 
3683,泥,仄,惄溺愵
3684,从,仄,寂
3685,明,仄,觅覛幎幦糸羃汨漞冂蓂覭濗塓
3686,并,仄,甓鷿鸊椑
3687,帮,仄,壁鼊繴廦綼
3688,溪,仄,阒
3689,见,仄,郹狊鶪湨鼳犑
3690,清,仄,戚戚鼜戚慽磩
3691,晓,仄,赥阋 
3692,晓,仄,砉瞁狊焱殈
3693,彻,仄,
3694,章,仄,职軄戠织膱蟙樴
3695,澄,仄,直犆
3696,来,仄,力朸屴仂鳨 泐
3697,彻,仄,敕敕饬淔趩栻侙鷘恜慗遫荲
3698,知,仄,陟稙
3699,船,仄,食蚀
3700,心,仄,息鄎瘜蒠熄
3701,常,仄,寔湜殖植埴遈
3702,书,仄,识式拭轼饰鉽烒
3703,晓,仄,赩
3704,崇,仄,崱溭萴
3705,群,仄,极
3706,娘,仄,匿恧
3707,初,仄,测恻畟
3708,影,仄,忆亿臆肊繶醷澺薏檍抑癔
3709,生,仄,色啬穑蔷轖繬濇嫱懎
3710,溪,仄,
3711,见,仄,殛襋棘亟悈蕀苟
3712,以,仄,弋翊翌廙黓翼隿潩杙芅蛡 瀷熼釴 
3713,精,仄,即卽稷蝍楖畟鲫堲唧揤
3714,帮,仄,逼逼皕幅楅湢皀
3715,云,仄,域蜮罭棫琙緎魊淢
3716,晓,仄,洫侐阈  緎 淢
3717,滂,仄,堛愊踾揊稫副畐疈
3718,庄,仄,稄昃仄萴侧夨
3719,并,仄,愎腷 煏 馥踾鶝
3720,疑,仄,嶷薿懝觺
3721,从,仄,堲垐
3722,知,仄,
3723,明,仄,
3724,昌,仄,瀷
3725,端,仄,德德得淂
3726,精,仄,则
3727,来,仄,勒肋扐仂艻朸玏泐阞竻
3728,透,仄,忒慝貣
3729,溪,仄,刻克克勊
3730,定,仄,特貣樴棏鴏螣
3731,晓,仄,黑潶
3732,明,仄,墨默冒纆万艒
3733,从,仄,贼鱡鲗蠈
3734,心,仄,塞寨
3735,帮,仄,北
3736,并,仄,菔卜僰匐踣仆菩垘稫
3737,匣,仄,或惑蜮魊
3738,见,仄,国
3739,影,仄,餩殕
3740,匣,仄,劾
3741,泥,仄,螚
3742,见,仄,裓孂
3743,清,仄,墄
3744,滂,仄,覆
3745,晓,仄,
3746,清,仄,缉葺諿咠
3747,常,仄,十什拾褶
3748,章,仄,执汁瓡慹
3749,邪,仄,习袭隰鰼騽飁槢褶霫
3750,从,仄,集辑檝亼鏶慹箿
3751,日,仄,仄廿
3752,影,仄,揖挹
3753,书,仄,湿湿
3754,精,仄,潗湒咠蓻葺
3755,群,仄,及苙笈
3756,澄,仄,蛰俋譶
3757,知,仄,絷
3758,来,仄,立粒笠鴗苙岦砬
3759,见,仄,急汲给汲级芨彶皀
3760,疑,仄,岌
3761,溪,仄,泣湆
3762,心,仄,卌霫
3763,生,仄,歰涩澁鈒雭濇翜
3764,晓,仄,吸噏歙翕潝熻嬆翖闟
3765,庄,仄,戢蕺濈霵
3766,影,仄,邑悒唈裛浥
3767,彻,仄,湁雴漐
3768,云,仄,煜晔熠騽
3769,以,仄,熠孴
3770,娘,仄,孨
3771,崇,仄,霵
3772,并,仄,
3773,帮,仄,鵖皀
3774,初,仄,
3775,昌,仄,卙
3776,匣,仄,合郃榙詥耠盒
3777,见,仄,合鸽合铪鮯蛤郃浩匌颌佮鞈韐
3778,端,仄,答畣撘荅褡嗒
3779,心,仄,趿飒靸馺霅卅鈒
3780,定,仄,沓誻遝涾龖譶蹹眔
3781,透,仄,錔嚃踏鞜漯湿佮濌
3782,从,仄,杂韴磼雥
3783,精,仄,帀迊噆魳嘁沞
3784,来,仄,拉搚折磖菈
3785,泥,仄,纳蒳軜衲魶妠
3786,溪,仄,溘 厒匌歁
3787,影,仄,姶罨罯媕庵搕鞥佮
3788,晓,仄,欱
3789,疑,仄,礏哈儑砐礘魥
3790,清,仄,
3791,常,仄,遪
3792,影,仄,唈
3793,匣,仄,盍阖嗑盖篕熆
3794,来,仄,腊臈镴蜡擸搚邋
3795,端,仄,耷拓矺笚褡
3796,透,仄,榻毾鲽魼鳎傝狧鞳塔搭嗒遢
3797,晓,仄,
3798,泥,仄,魶笝
3799,定,仄,蹋躢阘谵
3800,心,仄,卅靸
3801,疑,仄,儑
3802,从,仄,
3803,见,仄,嗑盖闸钾
3804,溪,仄,榼磕
3805,影,仄,鰪盦廅
3806,清,仄,囃
3807,见,仄,砝
3808,章,仄,谵
3809,以,仄,叶楪揲鍱偞枼煠殜
3810,精,仄,接椄睫楫檝婕菨鯜
3811,书,仄,摄滠叶歙欇弽韘
3812,常,仄,涉欇
3813,来,仄,猎鬛躐擸儠犣鱲邋 巤獦
3814,从,仄,捷疌寁倢崨踕誱
3815,澄,仄,殜
3816,影,仄,裛腌
3817,娘,仄,聂蹑镊睪帇踂
3818,昌,仄,謵詀喢
3819,日,仄,讘颞岩嗫
3820,章,仄,詟嗫慑慑慹霅折襵
3821,清,仄,妾緁鏶淁鯜穕踥
3822,彻,仄,锸煠
3823,群,仄,衱极笈 
3824,知,仄,辄耴襵鮿
3825,云,仄,晔曅馌烨爗皣瞱
3826,溪,仄,
3827,生,仄,萐箑歃霎喢
3828,见,仄,
3829,影,仄,魇擪靥嬮厌
3830,透,仄,怗帖钻贴踮蝶呫
3831,匣,仄,协叶勰綊挟侠劦
3832,见,仄,颊铗?梜荚蛱唊
3833,溪,仄,惬悏匧箧
3834,定,仄,牒喋蹀谍堞褺曡叠慑牃褋垫惵褶蝶揲
3835,泥,仄,苶埝捻錜慹敜摄籋鑈惗菍
3836,心,仄,燮屟屟躞韘鞢徢蝶
3837,来,仄,
3838,端,仄,聑笘喋踮涉
3839,从,仄,
3840,精,仄,浃
3841,晓,仄,弽偞
3842,心,仄,
3843,匣,仄,洽狭陕陿祫峡硖烚珨
3844,溪,仄,恰掐帢
3845,崇,仄,箑煠渫牐
3846,见,仄,夹郏?韐跲袷裌饸鵊鞈
3847,庄,仄,眨偛
3848,初,仄,插臿疀锸扱笈喢
3849,娘,仄,㑳
3850,晓,仄,欱敮
3851,生,仄,霎歃箑萐喢
3852,知,仄,札
3853,影,仄,凹浥圔
3854,疑,仄,
3855,彻,仄,
3856,匣,仄,狎翈霅柙匣  炠笚
3857,知,仄,喋擖霅
3858,影,仄,鸭压庘闸押
3859,见,仄,甲胛梜押钾玾
3860,生,仄,翣啑翜
3861,晓,仄,呷譀
3862,疑,仄,业邺鸈澲
3863,晓,仄,胁愶嗋熁拹
3864,溪,仄,怯抾呿魥胠
3865,见,仄,劫衱袷蜐跲鉣砝
3866,影,仄,腌罨裛殗浥餣
3867,以,仄,殜
3868,群,仄,跲昅极笈
3869,并,仄,乏泛姂
3870,帮,仄,法灋
3871,滂,仄,
3872,溪,仄,猲姂
3873,娘,仄,
3874,彻,仄,